,User,Tweet,Tweet_id,Created_At
0,REN14280,"â˜ï¸ Ainie Daud 018-2510064
https://t.co/KCcLtkUhdh

#houseforrent #apartmentforrent  #houseforsale #rumahuntukdijual #wanttorenthouse #rumahsewa #rumahuntukdisewa #wanttosellhouse #wanttobuyhouse #realestatenegotiator #ainiedaudproperty #npr https://t.co/PNKsI2RQ4i",1591595740589338624,2022-11-13 00:56:09+00:00
1,champagneteam,"We Can Help You Too!

https://t.co/h2POHHOCQ4

#realtor #work #houseforsale #sell #buyingcontent #remax #Offers #southmilwaukee #callnow #selling #TheChampagneTeam #homesforsale #forsale #bestagentsaround #twitter https://t.co/3tmzZb59tl",1591587782518095877,2022-11-13 00:24:32+00:00
2,JeffBirchmore,"ğŸš¨ New Listing ğŸš¨ This ğŸŒ¶ï¸ new property just hit the market. ğŸ‘€ Reach out here or call (613) 620-2400 for more information!! ğŸ¡

#ottawarealestate #ottawarealtor #ottawa #nepean #kanata #barrhaven #houseforsale #condoforsale https://t.co/ugyJysFj9s https://t.co/FVPmj2TCjL",1591578185371729922,2022-11-12 23:46:24+00:00
3,elyseArt17,"Take a tour of this beautiful 1 story house located in N. Las Vegas.
3bed 2bath with a den 1,800 sq ft
Stainless steel appliances, a fun backyard and overhead garage storage. 
Interested? GLVAR MLS 2451632

https://t.co/5a3RNDnbdO

#houseforsale #newhome #lasvegas #buyme https://t.co/x17X8k7Ipz",1591556539307159553,2022-11-12 22:20:23+00:00
4,ExpCalifornia,"https://t.co/9HSzhDF5F6
  #realestate #homebuying #homesales #concordhomes #realestateagent #martinezhomes #pleasanthillhomes #wallnutcreekhomes #homesfinancing #homepurchase #pittsburghomes #sanramonehomes #eastbayhomes #homeforsale #houseforsale",1591551542536318976,2022-11-12 22:00:31+00:00
5,garylimjap,This beautiful 3 BD + 2 BA Westchester #houseforsale has a private backyard oasis &amp; brick patio - the perfect place to entertain guests. #openhouse this Sunday (Nov. 13th) from 1â€“4 PM at 8109 Regis Way. Watch the video; https://t.co/y0DJoyNNXV https://t.co/Ljh363Lbm9,1591534929766383616,2022-11-12 20:54:31+00:00
6,htrealestate,"ğŸ—“ OPEN HOUSE: Tomorrow, Sunday, November 13th, 2-4pm ğŸ—“

Visit for more info: https://t.co/UUnmfGzSvI

#helentangrealestateteam #justlisted #newlisting #newlistingalert #realestate #realestateagent #kwrealtor #ottawarealestate #houseforsale #homeforsale #kanata https://t.co/LS2vusVDKj",1591525408402714627,2022-11-12 20:16:41+00:00
7,MiER_impro,al klikkend kwam ik op npostart #houseforsale tegen. Wat een gaaf programma. Ik kijk mijn ogen uit.,1591525303196995584,2022-11-12 20:16:16+00:00
8,cadenasrealty,"ğŸš¨ OPEN HOUSE ğŸš¨
28440 SW 130th Ave Homestead FL 33033

Saturday, November 12th ğŸ“†
â° From 1:00 p.m. to 4:00 p.m. 

â¡ï¸ 4 Bedrooms
â¡ï¸ 2 Bathrooms
â¡ï¸ 1,599 Sqft
 ğŸ’² 510,000
â¡ï¸ No HOA, No CDD

#marloncadenas #house #houseforsale #miamibeach #miami #forsale #realestate https://t.co/ZflVsDkeka",1591521383993180162,2022-11-12 20:00:41+00:00
9,AnnieBalanos,"Rumor has it that Porto Fino Express is one of the best Pizza restaurants in town. Do you agree?

Annie Balanos
Team 3000 Realty
778.714.2195
annieb@team3000realty.ca
https://t.co/ptu3tLzCY9
#soldbyannievancouver #houseforsale... https://t.co/e9wZD9JSpJ https://t.co/2aUXY3AVgX",1591507889167794177,2022-11-12 19:07:04+00:00
10,BatchellerMonk,"#PriceReduction
A beautiful, spacious 5 double bedroom, 4 reception room, #detached #family #house in #Ifield #WestSussex . The #property enjoys an indoor #swimming #pool , a #garden , a double #garage &amp; #parking . Click: https://t.co/7cFXv3rRMk. Call 01798 872081. #houseforsale https://t.co/CkBmsEQSPW",1591506261874728965,2022-11-12 19:00:36+00:00
11,cadenasrealty,"ğŸš¨ OPEN HOUSE ğŸš¨
4277 NE 30th St, Homestead, FL 33033

â¡ï¸ Single-Family House
â¡ï¸ 3 Beds
â¡ï¸ 3.5 Baths
â¡ï¸ 2-Car Garage
â¡ï¸ 2,604 Sqft 
â¡ï¸ Great Community
 ğŸ’² 580,000 

Sunday, November 13th ğŸ“†
â° From 1:00 p.m. to 4:00 p.m.

#marloncadenas #house #houseforsale #miami https://t.co/ArwQeL3k82",1591506165867114497,2022-11-12 19:00:13+00:00
12,wablos1548,RT @DocResults: My friend and a very kind and generous couple Pat and Suzanne Truax asked if I would share this open house for their son Joâ€¦,1591491644385333248,2022-11-12 18:02:31+00:00
13,lilyJoyfull,"RT @LukeDashjr: Helping long-time friend sell house for bitcoins.
4 bedroom, rural/2-3 acres, north of #Tampa, FL.
Fixer upper. Livable, buâ€¦",1591483455208321024,2022-11-12 17:29:58+00:00
14,cadenasrealty,"ğŸš¨ OPEN HOUSE ğŸš¨
4277 NE 30th St, Homestead, FL 33033

Sunday, November 13th ğŸ“†
â° From 1:00 p.m. to 4:00 p.m.

Hello, We have an Open House for this beautiful home in Homestead. Don't miss it, join us.

#marloncadenas #house #houseforsale #miamibeach #miami #forsale #realestate https://t.co/Yu8hdFU7eA",1591476304922157056,2022-11-12 17:01:33+00:00
15,GreatLakeAerial,"$280,000
31402 Madison Ave. Madison Heights
1572 Sq. Ft.  4 Bed  2 Bath

Listed by: Julie Trauben
KW Showcase Realty 248-360-2900

#aerialphotography
#photooftheday 
#videography #houseforsale #realtor #licenseddronepilot #michigan #realestatephotographer https://t.co/2wK90HVsIQ",1591458428215758848,2022-11-12 15:50:31+00:00
16,Avenue_Realty,"Join us for our Open House this weekend! Sat. Nov. 12th &amp; Sun. Nov. 13th - 2 to 4 P.M. 
ğŸ’°$1,299,999
ğŸ›ï¸: 3+1
ğŸ›: 3

#torontorealestate #thedanforthrealestate #realestate #houseforsale #openhouse https://t.co/C0v2G49HhP",1591448169606516738,2022-11-12 15:09:45+00:00
17,Idamlkweb,"To know more about plots like this
Visit - https://t.co/3i1ftnRRBr
#landsale #landsaleinsrilanka #PrimeLands #araliyalands #homelands #ikmamlk #ikman #idam #land #house #houseforsale #srilanka #invest #realestate #prestigeland #Guardianlands #LankaPropertyWeb #patpat https://t.co/xGM3Qvml6c",1591447233957810176,2022-11-12 15:06:02+00:00
18,BrokerSherief,"Congratulations to my buyers on this amazing Custom Build home.

#buynow
#househack
#homeforsale
#houseforsale
#investingrealestate
#kingcountyrealestate
#kingcountyrealtor
#realestate
#RealEstateAgent
#realestateinvestor
#Realtor
#snohomishcounty
#Seattle
#piercecounty
#Seller https://t.co/q6icX50AGY",1591447104068648962,2022-11-12 15:05:31+00:00
19,C21Westman,"New Open House coming up!
#Century21westman #c21westman #C21 #Brandonmb #Westman #Brandonrealestate #TravelManitoba #Manitobarealestate #Manitobarealtor #Manitoba #mls #Buyanewhouse #newhouse #exploremb #newhome #houseforsale... https://t.co/L58wUit8Rt https://t.co/Tjnd3Lhoj6",1591446268207071232,2022-11-12 15:02:12+00:00
20,cadenasrealty,"ğŸš¨ OPEN HOUSE ğŸš¨
28440 SW 130th Ave Homestead FL 33033

Saturday, November 12th ğŸ“†
â° From 1:00 p.m. to 4:00 p.m. 

â¡ï¸ 4 Bedrooms
â¡ï¸ 2 Bathrooms
â¡ï¸ 1,599 Sqft
 ğŸ’² 510,000
â¡ï¸ No HOA, No CDD

#marloncadenas #house #houseforsale #miamibeach #miami #forsale #realestate https://t.co/wLpqBQmWkj",1591445791444389889,2022-11-12 15:00:18+00:00
21,beerealtygrp,"LEKKI PH 1 DISTRESS SALE
4bedroom Semi-detached duplex at Lekki PH1
Distress sale Price:#130m net
#propertyforsale #property #lagos #lekkiphase1 #island #houseforsale #homeforsale #distress #distressale #realestateinvestment #investment #realestate #propertyacquisition #homeowner https://t.co/WdFtS9BsDO",1591438875247153153,2022-11-12 14:32:50+00:00
22,LizzieAnnePerez,"5 Bed/5 Bath, 2 Primary Suites, No HOA, #Cherokee County, and so much more! 470-217-8090 #RealEstate #Realtors #HouseforSale #LuxuryListing #MovetoGeorgia #Georgia https://t.co/vsxn4fVGyJ",1591435159563546626,2022-11-12 14:18:04+00:00
23,Rachaelga1,"Crye-Leike 423-756-0771. Beautiful home on Lookout Mtn! Owner/Agent. $498,000

Take a closer look, https://t.co/KhiA1XdGF9

#chattanooga #realtors #realestate #houseforsale #weekendvibes #SaturdayMotivation https://t.co/WpEvJVTOfc",1591432964994629635,2022-11-12 14:09:20+00:00
24,butterflygp_com,"Here are 11 mistakes you don't want to make when you sell your house. Read more at: https://t.co/UQRchGYzwu

#RealEstate #realestateagent #realestateinvesting #houseforsale #homeforsale #Canada #estate https://t.co/n6lXmoVxTO",1591427586047238145,2022-11-12 13:47:58+00:00
25,AliSaqlain_PK,"Luxury 5 Marla Modern Design House for sale in Sector C, Bahria Town Lahore 
https://t.co/tiLvkucNeG
#AliSaqlain #5marla #houseforsale #BahriaTown #bahriatownlahore #homeforsale #luxuryhomes #realestate #property https://t.co/dAoxgJdeYx",1591423529794281474,2022-11-12 13:31:51+00:00
26,Idamlkweb,"To know more about plots like this
Visit - https://t.co/3i1fto9t01
#landsale #landsaleinsrilanka #PrimeLands #araliyalands #homelands #ikmamlk #ikman #idam #land #house #houseforsale #srilanka #invest #realestate #prestigeland #Guardianlands #LankaPropertyWeb #patpat https://t.co/HxTpii2YvR",1591418535670161410,2022-11-12 13:12:00+00:00
27,Idamlkweb,"To know more about plots like this
Visit - https://t.co/3i1ftnRRBr
#landsale #landsaleinsrilanka #PrimeLands #araliyalands #homelands #ikmamlk #ikman #idam #land #house #houseforsale #srilanka #invest #realestate #prestigeland #Guardianlands #LankaPropertyWeb #patpat https://t.co/Ux4j4TwVQw",1591405195518365696,2022-11-12 12:19:00+00:00
28,Idamlkweb,"To know more about plots like this
Visit - https://t.co/3i1ftnRRBr
#landsale #landsaleinsrilanka #PrimeLands #araliyalands #homelands #ikmamlk #ikman #idam #land #house #houseforsale #srilanka #invest #realestate #prestigeland #Guardianlands #LankaPropertyWeb #patpat https://t.co/Ggba5VZLIV",1591403685447229440,2022-11-12 12:13:00+00:00
29,Idamlkweb,"To know more about plots like this
Visit - https://t.co/3i1fto9t01
#landsale #landsaleinsrilanka #PrimeLands #araliyalands #homelands #ikmamlk #ikman #idam #land #house #houseforsale #srilanka #invest #realestate #prestigeland #Guardianlands #LankaPropertyWeb #patpat https://t.co/7VL3JpK2D9",1591401600513351680,2022-11-12 12:04:43+00:00
30,AlexeyPavelko,ĞŸÑ€Ğ¾Ğ´Ğ°Ñ Ğ´Ğ¾Ğ¼ Ğ² Ğ‘Ğ°Ñ‚ÑƒĞ¼Ğ¸ | #HouseForSale | ĞšÑƒĞ¿Ğ¸ Ğ´Ğ¾Ğ¼ Ğ‘Ğ°Ñ‚ÑƒĞ¼Ğ¸ | Ğ”Ğ¾Ğ¼ 88 ĞºĞ².Ğ¼ Ğ² Ğ‘Ğ°... https://t.co/sbjbt5tgr9 Ñ‡ĞµÑ€ĞµĞ· @YouTube https://t.co/SWHev7DlTp,1591378400895127554,2022-11-12 10:32:31+00:00
31,AgedefyHoney,"RT @LukeDashjr: Helping long-time friend sell house for bitcoins.
4 bedroom, rural/2-3 acres, north of #Tampa, FL.
Fixer upper. Livable, buâ€¦",1591377272057253889,2022-11-12 10:28:02+00:00
32,Idamlkweb,"To know more about plots like this
Visit - https://t.co/3i1fto9t01
#landsale #landsaleinsrilanka #PrimeLands #araliyalands #homelands #ikmamlk #ikman #idam #land #house #houseforsale #srilanka #invest #realestate #prestigeland #Guardianlands #LankaPropertyWeb #patpat https://t.co/lWu4cCO9xc",1591371465647071232,2022-11-12 10:04:58+00:00
33,BodrumGrupAura,"#acropolcity
ğŸ‘‰https://t.co/4mpNrSdeG4
#bodrum #grupaura #emlak #satÄ±lÄ±k #proje #yatÄ±rÄ±m #bodrumdayaÅŸam #luxury #luxuryvilla #flatvilla #bodrumdavilla #bodrumdasatÄ±lÄ±k #yeniproje #forsale #house #houseforsale #villaforsale #villaforsaleinbodrum #gÃ¼vence #Ã¶zgÃ¼nmimari #fÄ±rsat https://t.co/WdWLBeAf1n",1591368869981085696,2022-11-12 09:54:39+00:00
34,propagent175,"On Sale!! Kira #houseforsale at 200m #home 6Bedrooms 5Bathrooms 22 Decimals #houses 
Call/Whatsapp 0774069718/0701175175 https://t.co/2qsKD41cZY",1591364494965755906,2022-11-12 09:37:16+00:00
35,thecountstories,"Saturday mood ..... 

#houseforsale

https://t.co/CtFyVSVHS2 https://t.co/yT6JEFEpd0",1591349651801718784,2022-11-12 08:38:17+00:00
36,BBWiley,Doubleheader Bilevel Open House Weekend!  #openhouse #greenwoodlake #floridany #houseforsale  https://t.co/7unwhT5oUn,1591344135922909185,2022-11-12 08:16:22+00:00
37,StonegateEA,"Great new property on Littlebury Close, Stotfold for Â£825000.

For more information or to book a viewing call us on 01462 438979!

#property #Littlebury Close #Stotfold #home #house #estateagents #estate #agents #sellyourhouse #proudguildmember #theguild #houseforsale #hitchin #d https://t.co/K7YguMZEUj",1591342879431352320,2022-11-12 08:11:22+00:00
38,Idamlkweb,"à·ƒà·™à¶±à·™à·„à·ƒà·š à¶±à·€à·à¶­à·à¶±ğŸ˜Œâ¤ï¸
To know more about plots like this
Visit - https://t.co/3i1ftnRRBr
#landsale #landsaleinsrilanka #PrimeLands #araliyalands #homelands #ikmamlk #ikman #idam #land #house #houseforsale https://t.co/uENBOwCPIO",1591341041084338176,2022-11-12 08:04:04+00:00
39,CoverCouch,"RT @Idamlkweb: To know more about plots like this
Visit - https://t.co/3i1ftoa0Pz
#landsale #landsaleinsrilanka #PrimeLands #araliyalands #â€¦",1591324193496657921,2022-11-12 06:57:07+00:00
40,Idamlkweb,"To know more about plots like this
Visit - https://t.co/3i1ftoa0Pz
#landsale #landsaleinsrilanka #PrimeLands #araliyalands #homelands #ikmamlk #ikman #idam #land #house #houseforsale #srilanka #invest #realestate #prestigeland #Guardianlands #LankaPropertyWeb #patpat https://t.co/xc9IVc78Th",1591323154844389376,2022-11-12 06:53:00+00:00
41,lkopropertywala,"Halwasiya Sambandh 
*Gated Township
*Possession - Dec 2023
*Amenities - 
Central Park
Open Gym
Playground
Badminton Court 
Parking Space
Meditation Centre
Pathway
#villa #lucknow #property #house #99acres #magicbricks #houseforsale https://t.co/mpdvOFKz4O",1591311000560873475,2022-11-12 06:04:42+00:00
42,housingforsale,"""GLOBAL CITY"" - à®’à®°à¯  à®šà®¿à®±à®¨à¯à®¤ à®µà¯€à®Ÿà¯à®Ÿà¯à®®à®©à¯ˆ à®ªà®¿à®°à®¿à®µà¯à®•à®³à¯ à®®à®±à¯à®±à¯à®®à¯ à®µà¯€à®Ÿà¯à®•à®³à¯, à®‡à®ªà¯à®ªà¯Šà®´à¯à®¤à¯ à®‰à®™à¯à®•à®³à¯ à®¤à®¿à®°à¯à®ªà¯à®ªà¯‚à®°à¯ à®®à®¾à®¨à®•à®°à®¿à®²à¯. 
.
.

#Maniiway #maniiwayhouses #maniiwayplots #houseforsale #ResidentialPlots #3BHKHOMES #independenthouse #forsale #realestate #TopBuilders #pollachi #Chennai #Erode #Tiruppur https://t.co/3gS7861RjA",1591307417404735489,2022-11-12 05:50:28+00:00
43,petrijaervinen,"RT @LukeDashjr: Helping long-time friend sell house for bitcoins.
4 bedroom, rural/2-3 acres, north of #Tampa, FL.
Fixer upper. Livable, buâ€¦",1591306015722831872,2022-11-12 05:44:53+00:00
44,Ozone_City,"à¤œà¤¹à¤¾à¤‚ à¤¹à¥ˆ, à¤¬à¤šà¥à¤šà¥‹à¤‚ à¤•à¥‡ à¤–à¥‡à¤²à¤¨à¥‡ à¤•à¤¾ à¤®à¥ˆà¤¦à¤¾à¤¨à¥¤
Please Call For More Enquiries- 8010190190
Or For More Info- https://t.co/QcBUpNDXpw
#realstateproperty #residentialsociety #realestate #buynsellhome #buynsell #buyproperty #aligarh #ozonecityaligarh #flatsinaligarh #buyproperty #houseforsale https://t.co/bX1IgxWwvG",1591294330089897984,2022-11-12 04:58:27+00:00
45,clear_deals,""" Ab Property deals pe Brokerage Q dena Cleardeals hai na! ""

#realestate #reels #reel #realtor #realestatelife #realestateagent #propertyforsale #propertymanagement #property #propertymanager #propertagent #housebeautiful #houseforsale #house #home #homesearch #nobrokerage https://t.co/AXzE57G1nq",1591293777393913858,2022-11-12 04:56:15+00:00
46,HamerH3a4,"RT @LukeDashjr: Helping long-time friend sell house for bitcoins.
4 bedroom, rural/2-3 acres, north of #Tampa, FL.
Fixer upper. Livable, buâ€¦",1591291121514074112,2022-11-12 04:45:42+00:00
47,Idamlkweb,"à¶‰à¶©à¶¸à·Š â€Œà¶œà·™à·€à¶½à·Š à·„à·œà¶ºà·à¶œà¶±à·Šà¶± à·„à·œà¶¯à¶¸ à¶­à·à¶±ğŸ˜
To know more about plots like this
Visit - https://t.co/3i1fto9t01
#landsale #landsaleinsrilanka #PrimeLands #araliyalands #homelands #ikmamlk #ikman #idam #land #house #houseforsale https://t.co/UMqs7euiBb",1591286916678406149,2022-11-12 04:29:00+00:00
48,Idamlkweb,"To know more about plots like this
Visit - https://t.co/3i1fto9t01
#landsale #landsaleinsrilanka #PrimeLands #araliyalands #homelands #ikmamlk #ikman #idam #land #house #houseforsale #srilanka #invest #realestate #prestigeland #Guardianlands #LankaPropertyWeb #patpat https://t.co/LMhUehtyf6",1591280974087741440,2022-11-12 04:05:23+00:00
49,Hanakookie1,"RT @LukeDashjr: Helping long-time friend sell house for bitcoins.
4 bedroom, rural/2-3 acres, north of #Tampa, FL.
Fixer upper. Livable, buâ€¦",1591263233897541634,2022-11-12 02:54:53+00:00
50,Idamlkweb,"To know more about plots like this
Visit - https://t.co/3i1fto9t01
#landsale #landsaleinsrilanka #PrimeLands #araliyalands #homelands #ikmamlk #ikman #idam #land #house #houseforsale #srilanka #invest #realestate #prestigeland #Guardianlands #LankaPropertyWeb #patpat https://t.co/K7iB64rxRO",1591250718731780096,2022-11-12 02:05:10+00:00
51,remax_rising,"So thankful to have been able to get our newest listing UNDER CONTRACT!

#properties #home #housing #realestateagentlife #geaugacounty #geauga #homesforsale #houseforsale #homesearch #propertysales https://t.co/eIYQpfczhR",1591249611305385987,2022-11-12 02:00:45+00:00
52,Rachaelga1,"Crye-Leike 423-756-0771. Welcome home! Take a closer look. Owner/Agent. $184,900

https://t.co/59HwLTSWxX

#Chattanooga #RealEstate #realtors #houseforsale #FridayMotivation #home #homesweethome https://t.co/fy3J0qHxSY",1591246667537616898,2022-11-12 01:49:04+00:00
53,chad_pleb,"RT @LukeDashjr: Helping long-time friend sell house for bitcoins.
4 bedroom, rural/2-3 acres, north of #Tampa, FL.
Fixer upper. Livable, buâ€¦",1591242403171950593,2022-11-12 01:32:07+00:00
54,DelRioTeamRE,"We are now a part of eXp Realty! 

#realestate #california #delrioteam #exprealty #houseforsale #buyingahome #propertyforsale #propertyinvestment #investment #landforsale https://t.co/TVQyfWpSkr",1591236034066804736,2022-11-12 01:06:48+00:00
55,MrPatrickEllis,"RT @LukeDashjr: Helping long-time friend sell house for bitcoins.
4 bedroom, rural/2-3 acres, north of #Tampa, FL.
Fixer upper. Livable, buâ€¦",1591224992611860480,2022-11-12 00:22:56+00:00
56,ExpCalifornia,https://t.co/Zz3sPt7jzy  #realestate #homebuying #homesales #concordhomes #realestateagent #martinezhomes #pleasanthillhomes #wallnutcreekhomes #homesfinancing #homepurchase #pittsburghomes #sanramonehomes #eastbayhomes #homeforsale #houseforsale,1591219372978495488,2022-11-12 00:00:36+00:00
57,LukeDashjr,"Helping long-time friend sell house for bitcoins.
4 bedroom, rural/2-3 acres, north of #Tampa, FL.
Fixer upper. Livable, but could use some work.

Serious inquiries only (DM me for now).
Ideally include signed message proving &gt;25 BTC.

#houseforsale #Bitcoin #Catholic",1591214239100067840,2022-11-11 23:40:12+00:00
58,DepseeRE,"Happy Veterans Day! Thank you to all who have served!

#DepseeRealEstate #DamianoRealty #homestyle #homesforsale #houseforsale #NJ #NJRealEstate #NJRealEstateAgent #NJREALTOR #RealEstate #REALTOR #REALTORSofInstagram... https://t.co/Wjze2sNRww https://t.co/xi8nY0FEvL",1591213746730504192,2022-11-11 23:38:15+00:00
59,G5RealtyGroup,"âœ”ï¸ 3 Bedrooms
âœ”ï¸ 2 Bathrooms 

Thinking of buying or selling your property?  ğŸ¤”

Call us todayâ—â—â—
ğŸ“ (909) 293-8910

#g5realtygroup #realestate #kw #socal #kwsocal #realtor #sold #forsale #home #houseforsale #G5 #kellerwilliams #morenovalley #california #inlandempire https://t.co/lAAKIvisa6",1591204285118816257,2022-11-11 23:00:39+00:00
60,bobcowanrealtor,"ğŸš¨ğŸš¨THE BEST DEAL OF THE WEEK ğŸš¨ğŸš¨
ğŸ”BUY THIS HOME AND I'LL BUY YOURS!

ğŸ›Œ 4 Bedroom
ğŸ› 5 Baths
ğŸ“ 4,468 SqFt
ğŸŠ Home with Pool

ğŸŒTo view the listing, visit our website:
https://t.co/DR6QRJBZ1z

ğŸ“º 3D Virtual Tour:
https://t.co/wNRMjJPplI

#houseforsale #Oceanview #nearbeach https://t.co/1UDHwKtdku",1591199536877535232,2022-11-11 22:41:47+00:00
61,MrFrisco2,"If you're a homeowner, you definitely need to know these three things about your home. Keep your home and family safe!

#realestateagency #Realestate #residentialrealestate #houseforsale  #homeforsale #propertyforsale #luxuryhomes #misterfrisco #globusrealty https://t.co/7nXrZPu5yz",1591199280873742336,2022-11-11 22:40:46+00:00
62,Shoot2SellCbus,"Check out this listing at 220 Wellspring Lane in Powell!
Presented by Jennifer Crowley, The Raines Group - Corcoran Global Living!
#newlisting #powellohio #centralohiorealestate #columbusrealtor #TRGrealestate #corcorangloballiving #houseforsale https://t.co/zCHxkkAbMe",1591192135814062091,2022-11-11 22:12:22+00:00
63,ExpCalifornia,https://t.co/Zz3sPt6LK0  #realestate #homebuying #homesales #concordhomes #realestateagent #martinezhomes #pleasanthillhomes #wallnutcreekhomes #homesfinancing #homepurchase #pittsburghomes #sanramonehomes #eastbayhomes #homeforsale #houseforsale,1591189339123421184,2022-11-11 22:01:15+00:00
64,Shoot2SellCbus,"Check out this listing on https://t.co/TWUcZCu5qw!
Presented by Hommati Featured Agent, Justin Bruce, Keller Williams Greater Columbus!
https://t.co/4JLOoq4LWC...
#newlisting #circlevilleohio #centralohiorealestate #kellerwilliamsgreatercolumbus #houseforsale https://t.co/sCQ2LUHZb2",1591184325579612168,2022-11-11 21:41:20+00:00
65,G5RealtyGroup,"Thinking of buying or selling your property?  ğŸ¤”

Call us todayâ—â—â—
ğŸ“ (909) 293-8910

#g5realtygroup #realestate #kw #socal #kwsocal #realtor #sold #forsale #home #houseforsale #G5 #kellerwilliams #ranchocucamongarealtor #california https://t.co/FrAWumvURq",1591180446016184340,2022-11-11 21:25:55+00:00
66,Nyumba24MW,"RT @Nyumba24MW: Property for Sale in BCA, Blantyre

Guide Price: K450m

Contact: +265998147205

https://t.co/ybvKQfKNRK

#Malawi #RealEstatâ€¦",1591180074342313985,2022-11-11 21:24:27+00:00
67,PPerfectMD,"Jennifer Grove of Bach Real Estate just listed 1523 Rambling Way S Frederick, MD 21701!
#realtor
#realtors
#realestate
#realestateagent
#newlisting
#homesforsale
#homeforsale
#houseforsale
#housesforsale
#listingagent
#homeselling
#listingphotos
https://t.co/LLExF0o6N5",1591178423585898497,2022-11-11 21:17:53+00:00
68,SheyGladstone,"Is your current home becoming too small for your growing family? Let's find your family's dream home together!

SG Group - Artisan Real Estate Associates #sgrealty
#realestate #realtor #househunting #homeforsale #homebuying #houseforsale #portlandhome #listing #homeforsale... https://t.co/lCiNoPTdQQ",1591175464759926784,2022-11-11 21:06:08+00:00
69,cadenasrealty,"Real Estate Tips ğŸ¡ 
Exposure your Home

#marloncadenas #house #houseforsale #miamibeach #miami #forsale #realestate #realestatevideo #homevideo #SouthFlorida https://t.co/ElZkkc0pCd",1591174038071934976,2022-11-11 21:00:27+00:00
70,PPerfectMD,"Michael Allwein with the Allwein Team at Century 21 Redwood just listed 10522 Bethel Rd Frederick, MD 21702! 
#realtor
#realtors
#realestate
#realestateagent
#newlisting
#homesforsale
#homeforsale
#houseforsale
#listingagent
#homeselling
#listingphotos
https://t.co/TRSUfHCStY",1591163607668396032,2022-11-11 20:19:01+00:00
71,TiwariHome,"BRAMPTON HOME FOR SALEğŸ¡ğŸ™‚

For up to the minute pricing, a FREE property information packet or private viewing of this home
CALL Team Soldxperts @ (647) 933-0009 â˜ï¸â˜ï¸

#homeforsale #houseforsale #buyer #seller #homeforsaleinbrampton #househunting #homeforsale #bramptonhomes https://t.co/2WVsauEzUj",1591162921148899329,2022-11-11 20:16:17+00:00
72,soldxperts,"BRAMPTON HOME FOR SALEğŸ¡ğŸ™‚

For up to the minute pricing, a FREE property information packet or private viewing of this home
CALL Team Soldxperts @ (647) 933-0009 â˜ï¸â˜ï¸

#homeforsale #houseforsale #buyer #seller #homeforsaleinbrampton #househunting #homeforsale #bramptonhomes https://t.co/6vyrwETW1s",1591162778181832704,2022-11-11 20:15:43+00:00
73,ExpCalifornia,"Click here to browse homes &gt; https://t.co/TWUquLsBp2
#realestate #homebuying #homesales #concordhomes #realestateagent #martinezhomes #pleasanthillhomes #wallnutcreekhomes #homesfinancing #homepurchase #pittsburghomes #sanramonehomes #eastbayhomes #homeforsale #houseforsale https://t.co/ecm3TTaeOH",1591159650321256450,2022-11-11 20:03:17+00:00
74,ChesoliProtus,"https://t.co/2iKbEU5Sjn
#houseforsale #thecliffhouse #housesofinstagram #ngonghillskenya #kenyarealestate
https://t.co/ENPCE8kbAw",1591158765864321030,2022-11-11 19:59:46+00:00
75,PPerfectMD,"Nancy Bowlus of RE/MAXÂ® Results just listed 6323 Meandering Woods Ct Frederick, MD 21701! 
#realtor
#realtors
#realestate
#realestateagent
#newlisting
#homesforsale
#homeforsale
#houseforsale
#housesforsale
#listingagent
#homeselling
#listingphotos
https://t.co/OqvbUo9lpF",1591158418198659072,2022-11-11 19:58:23+00:00
76,sharonb011,"Today, we honor those who fought for our freedom, both near and far. ğŸ™Œ

Thank you for your service. ğŸ¤

#veteransday #military #served #hug #hands #US #usa #camo
#realestate #sellinghome #buyinghome #selling #buying #homesforsale #houseforsale #triadnc https://t.co/EdLRGkTWEC",1591156901932564482,2022-11-11 19:52:22+00:00
77,PPerfectMD,"Hubert R. Brown of Real Estate Teams, LLC just listed 608 5th Ave Brunswick, MD 21716! 
#realtor
#realtors
#realestate
#realestateagent
#newlisting
#homesforsale
#homeforsale
#houseforsale
#housesforsale
#listingagent
#homeselling
#listingphotos
https://t.co/OdvETOyaJS",1591153958575550465,2022-11-11 19:40:40+00:00
78,haqnawaz5088,5 Marla Beautiful House For Sale in DHA Phase Xi Rahbar Lahore Demand 200 lac ğŸ“²03014553326 #greenlineproperty #leaked #houseforsale #homeforsale #å¼€äº‘ä½“è‚² https://t.co/QtqjYaESFG,1591153088101957632,2022-11-11 19:37:13+00:00
79,PPerfectMD,"The Jim Bass Group of Real Estate Teams, LLC just listed 2670 Monocacy Ford Rd Frederick, MD 21701! 
#realtor
#realtors
#realestate
#realestateagent
#newlisting
#homeforsale
#houseforsale
#housesforsale
#listingagent
#homeselling
#listingphotos
https://t.co/HNA1EwJEWx",1591146676852764672,2022-11-11 19:11:44+00:00
80,Trudeaurealtor,"5Beds 2Baths 2,190 SqFt
Attention builders and investors!! 

Options are endless with this home on 1 acre. Very quiet location away from traffic and neighbours. 

12355 Mcnutt Rd. Maple Ridge
https://t.co/nLa9j4No49

#mapleridge #homes #houseforsale #bcrealestate #ForSale https://t.co/ryaaJdi8ar",1591142488882151424,2022-11-11 18:55:06+00:00
81,MarketproDeals,"RARE Springfield, Delco Rancher (NOT IN MLS) SIGN UP for Open House Fri, 11/18/2022 at 10AM View Property Here: https://t.co/1YHWAvUz0X Call Steve at 215-709-9312 (no text messages pls)
#Houseflipping #PA #Fixerupper #Investmentopportunities #Investmentproperty #Houseforsale https://t.co/hT7JvHispF",1591139976984596486,2022-11-11 18:45:07+00:00
82,HomeStagingNJ,"#HouseForSale This home is a short distance to the NYC bus line, minutes from the NJ Turnpike, and easy access to other major highways GSP, 287, 440, and 1&amp;9. You'll thank yourself for getting your offer in early.
CALL US AT  908 224 2584 TO SET UP AN APPOINTMENT.
 #NewJersey https://t.co/B3rxnYaiQc",1591136016311947265,2022-11-11 18:29:22+00:00
83,MarketproDeals,"RARE and CLEAN Upper Darby, Delco Row (NOT IN MLS) SIGN UP for Open House Wed, 11/16/2022 at 11AM View Property Here: https://t.co/1YHWAvUz0X Call Steve at 215-709-9312 (no text messages pls)
#Houseflipping #Fixerupper #Investmentopportunities #Investmentproperty #Houseforsale https://t.co/BmL1fOFrOC",1591133666612215832,2022-11-11 18:20:02+00:00
84,PPerfectMD,"John Heydon &amp; Betsy Cain of Mackintosh Inc., REALTORSÂ® just listed 127 Sunhigh Dr Thurmont, MD 21788! 
#realtor
#realtors
#realestate
#realestateagent
#newlisting
#homesforsale
#homeforsale
#houseforsale
#listingagent
#homeselling
#listingphotos
https://t.co/RBv5PXi2qj",1591131275007492112,2022-11-11 18:10:32+00:00
85,PPerfectMD,"Andy Werner, Jr. &amp; Andy Werner &amp; Associates of RE/MAXÂ® Realty Group just listed 5832 Washington Blvd Arlington, VA 22205! 
#realtor
#realtors
#realestate
#realestateagent
#newlisting
#homeforsale
#houseforsale
#listingagent
#homeselling
#listingphotos
https://t.co/gVRK94ExjL",1591126200331931648,2022-11-11 17:50:22+00:00
86,DennisAmick,#realestate #realestateagent #dreamhome #realestateforsale #houseforsale #homeforsale #listing #realtor #realestateinvesting #justlisted #milliondollarlisting #househunting #justsold #realtorlife #realestatetips #realestategoals,1591118887827144704,2022-11-11 17:21:19+00:00
87,ucherealestate,"Let's do our part! 

Let's save paper ğŸ“„ with this useful tip! 

#green #paperless #sustainableliving #tip
#realestatebusiness #realestate #houseforsale #realestateagent #realestateexperts #realestateadvice #househunting #homeforsaleboston #homeforsaleprovidence https://t.co/rrkizVLVei",1591117939318882304,2022-11-11 17:17:32+00:00
88,H_S_P_C,"ğŸ¡ NEW RENTAL PROPERTIES
ğŸ“ 7 Craigend Court, Craig Road, Dingwall
ğŸ“ 76 Miller Road, Inverness
ğŸ“ 7B View Terrace, Inverness
ğŸ“ 54B Telford Street, Inverness
ğŸª§ https://t.co/UEd87MDJ4W

#propertyforsale #forsale #househunting #houseforsale #home #luxuryhomes
#dreamhome #homes https://t.co/AzgjnVdd7C",1591102588732067842,2022-11-11 16:16:33+00:00
89,sharonb011,"Staircase ""balustrades"" are named after the Italian word for pomegranate flowers. ğŸ˜±

#balustrade #homedecor #interiordesign #staircase #staircasedesign
#realestate #sellinghome #buyinghome #selling #buying #homesforsale #houseforsale #triadnc #greensbororealtor https://t.co/SRykvGAUR2",1591101738463154177,2022-11-11 16:13:10+00:00
90,AaronsonRealty,"Congratulations to my buyers on the purchase of their new home.  New Construction in Regency, Manalapan.  It was a seemless process, Toll Brothers was so easy to work with, really can't say enough good things about them. 
#theaaronsongroup #newhome #houseforsale #realtor https://t.co/W9czT8oZw1",1591099274900557824,2022-11-11 16:03:22+00:00
91,REALEST77369592,"House For Sale Near At Gachibowli Price 2.5cr Rents 80k+ #realestate https://t.co/jNf1egkzmK via @YouTube 

House For Sale Near Gachibowli in just 2.5cr only 
contact 8432528432 7816095705
#realestate #houseforsale #realestateinhyderabad",1591096673811718144,2022-11-11 15:53:02+00:00
92,H_S_P_C,"Donâ€™t miss out on our HSPC Exclusive properties ğŸ¡ 

https://t.co/Lt7Kq9I3Jl

#propertyforsale #forsale #househunting #houseforsale #home #luxuryhomes
#dreamhome #homesforsale #justlisted #properties #newhome #house
#homesweethome #homebuyer #homebuyers #estateagents #estateagent https://t.co/IIq77VBEZy",1591095706953162753,2022-11-11 15:49:12+00:00
93,H_S_P_C,"ğŸ ğŸ˜ğŸ‰ PROPERTY OF THE WEEK
ğŸ“ Lochiel, 11 Chanonry Crescent, Fortrose
ğŸ’° Offers over Â£335,000
ğŸª§ https://t.co/fYNeXTfbup

#propertyforsale #forsale #househunting #houseforsale #home #luxuryhomes
#dreamhome #homesforsale #justlisted #properties #newhome #house
#homesweethome https://t.co/sm4JWMZxGs",1591090601323548674,2022-11-11 15:28:55+00:00
94,PPerfectMD,"Stacy Allwein with the Allwein Team at Century 21 Redwood just listed 7629 Laytonia Dr Gaithersburg, MD 20877! 
#realtor
#realtors
#realestate
#realestateagent
#newlisting
#homeforsale
#houseforsale
#housesforsale
#listingagent
#homeselling
#listingphotos
https://t.co/zGCp2dcGXa",1591089655583506434,2022-11-11 15:25:09+00:00
95,HomeFusionSales,"You won't believe what's behind this door in #FederalHill! Large spaces, flexible layout &amp; style for days. This is one of the coolest houses in the area. See more: https://t.co/FxfSTQXDnM
#forsale #houseforsale #realtor #baltimorerealestate #dreamhome @Paul_Stagg @Jamie_Mason https://t.co/AeNvojaNug",1591089438792511488,2022-11-11 15:24:17+00:00
96,MrsSandvrouw,@NHuigsloot @NPO3 Mooie bijzondere huizen en een mooi portret van hun inwoners. #houseforsale,1591088839212564481,2022-11-11 15:21:54+00:00
97,TessierTeam,"ğŸ“¢OPEN HOUSE Alert!

Scheduled times doesn't work for you? Contact us to schedule a private viewing that fits your schedule.
â˜ï¸613-443-4300
ğŸ’»https://t.co/3wXDdcUUNI  
#OpenHouse #RealEstate #TessierTeam #ForSale #ExitRealtyMatrix #OttawaRealEstate #Houseforsale #Homeforsale https://t.co/SwIJhAS22P",1591087172395859968,2022-11-11 15:15:17+00:00
98,AvonRealtors,"Happy Veterans Day! Do you know a veteran you'd like to thank today?
#RealEstateAvonIn #CarpenterCares #Realtors #HomesForSale #HouseforSale https://t.co/Bh0uFI3091",1591084348169519104,2022-11-11 15:04:04+00:00
99,AvonRealtors,"Open House Sunday in the historical, small town of Clayton on this 3BR, 2 full bath home with no HOA fees. Come see me!
#RealEstateAvonIn #CarpenterCares #Realtors #HomesForSale #HouseforSale https://t.co/oQBjcEOgND",1591081577701851136,2022-11-11 14:53:03+00:00
100,DepseeRE,"Today we honor our Veterans! Thank you for everything ğŸ‡ºğŸ‡²

#DepseeRealEstate #DamianoRealty #homestyle #homesforsale #houseforsale #NJ #NJRealEstate #NJRealEstateAgent #NJREALTOR #RealEstate #REALTOR #REALTORSofInstagram #Real... https://t.co/KrHd9fWCez https://t.co/pqOIvG8FUd",1591081298986078208,2022-11-11 14:51:57+00:00
101,Idamlkweb,"To know more about plots like this
Visit - https://t.co/3i1ftnRRBr
#landsale #landsaleinsrilanka #PrimeLands #araliyalands #homelands #ikmamlk #ikman #idam #land #house #houseforsale #srilanka #invest #realestate #prestigeland #Guardianlands #LankaPropertyWeb #patpat https://t.co/IJFvxQufP1",1591078042570407937,2022-11-11 14:39:00+00:00
102,AvonRealtors,"We give you our sincerest gratitude.
#RealEstateAvonIn #CarpenterCares #Realtors #HomesForSale #HouseforSale https://t.co/mqZNpTNJdG",1591073960107528194,2022-11-11 14:22:47+00:00
103,StudioAdmin,RT @MarcoSantarelli: #agent #buyer #seller #realestatebuyer #broker #investmentcouncilor #housetour #houseforsale #homebuying #openhouse #mâ€¦,1591066865522323456,2022-11-11 13:54:35+00:00
104,jaewynrealty,"#Home of the free because of the brave. To our men and women in uniform, past, present, and future, #thankyou. #JAEWYNREALTY #buyersagent #finance #happyveteransday #homeowner #house #houseforsale #investment #listingagent #realestate #realtor #smartmoney #veterans #veteransday https://t.co/rhaIY4QQzY",1591064258078740480,2022-11-11 13:44:14+00:00
105,Idamlkweb,"To know more about plots like this
Visit - https://t.co/3i1ftoa0Pz
#landsale #landsaleinsrilanka #PrimeLands #araliyalands #homelands #ikmamlk #ikman #idam #land #house #houseforsale #srilanka #invest #realestate #prestigeland #Guardianlands #LankaPropertyWeb #patpat https://t.co/izNv5uRJOz",1591047703232151552,2022-11-11 12:38:27+00:00
106,mlxjoe,"homes for sale in calgary
https://t.co/f2VuU13PLJ
#realestateagent #realestate #houseforsale #property #Canada https://t.co/te3aTLia8P",1591045305415634944,2022-11-11 12:28:55+00:00
107,RealtorSmoot,"Happy Veterans Day to all that have served to protect our country! We thank you for your service.
#KevinSmootRealtor, #AvonRealEstate, #HomesForSale, #HouseForSale https://t.co/qc6D06NhKc",1591043478238425089,2022-11-11 12:21:40+00:00
108,thecountstories,"A room with a view .....

#houseforsale

https://t.co/CtFyVTdR6a https://t.co/AYwseyx3Va",1591034804237389824,2022-11-11 11:47:11+00:00
109,H_S_P_C,"ğŸª´ğŸ  NEW HSPC EXCLUSIVE PROPERTY
ğŸ“ 30 Scorguie Road, Inverness
ğŸ’° Offers over Â£275,000
ğŸª§ https://t.co/Ct2b6lOUEq

#propertyforsale #forsale #househunting #houseforsale #home #luxuryhomes
#dreamhome #homesforsale #justlisted #properties #newhome #house
#homesweethome #homebuyer https://t.co/QHL7EFL4xk",1591032795258056704,2022-11-11 11:39:13+00:00
110,Idamlkweb,"To know more about plots like this
Visit - https://t.co/3i1fto9t01
#landsale #landsaleinsrilanka #PrimeLands #araliyalands #homelands #ikmamlk #ikman #idam #land #house #houseforsale #srilanka #invest #realestate #prestigeland #Guardianlands #LankaPropertyWeb #patpat https://t.co/pqsIrLeRZJ",1591030224527003649,2022-11-11 11:29:00+00:00
111,H_S_P_C,"ğŸ¡ NEW
ğŸ“ 1 Feddon Hill, Fortrose
ğŸ’° Offers over Â£240,000
ğŸª§ https://t.co/IJZQ3kIJOX

#propertyforsale #forsale #househunting #houseforsale #home #luxuryhomes
#dreamhome #homesforsale #justlisted #properties #newhome #house
#homesweethome #homebuyer #homebuyers #estateagents https://t.co/rDnmICOu5h",1591020682242314240,2022-11-11 10:51:05+00:00
112,Idamlkweb,"To know more about plots like this
Visit - https://t.co/3i1fto9t01
#landsale #landsaleinsrilanka #PrimeLands #araliyalands #homelands #ikmamlk #ikman #idam #land #house #houseforsale #srilanka #invest #realestate #prestigeland #Guardianlands #LankaPropertyWeb #patpat https://t.co/jw3T7TwmpF",1591000200507805696,2022-11-11 09:29:41+00:00
113,Tosquo,"ğŸ”¥ğŸ”¥ğŸ”¥FOR SALEğŸ”¥ğŸ”¥ğŸ”¥

#houseforsale #ibadanhouseforsale #ibadanrealestate https://t.co/v3hGdV4FaQ",1590998239050072065,2022-11-11 09:21:54+00:00
114,OAErealtyltd,"For Further Enquiries: 

Call/WhatsApp +2348073949533

WhatsApp +2348095508673
#forsale #available #trending #property #propertyforsale #nigeriapropertycentre  #investors #realestate #realestateinvestor #realtors #realestatebroker #realestateagent #nigeriaproperties #houseforsale",1590993378472329219,2022-11-11 09:02:35+00:00
115,RegalEstatesCT,"Impressive Four Bedroom Semi-Detached Farmhouse
Two Receptions - Extensive Gardens - No Chain
Woodnesborough - Â£525,000

Call to arrange a viewing 01304 611227

Click link for photos, floorplan &amp; location
https://t.co/2ANbAY3y5k

#houseforsale #woodnesborough #farmhouse https://t.co/t6JfXxxuO1",1590990765513400320,2022-11-11 08:52:12+00:00
116,ulfatproperty,"5 Marla House In Al Ghani Garden
Visit our website for more info: 
https://t.co/dEwCIwROYa

#houseforsale https://t.co/z417jISdzv",1590957934263111681,2022-11-11 06:41:44+00:00
117,Idamlkweb,"To know more about plots like this
Visit - https://t.co/3i1fto9t01
#landsale #landsaleinsrilanka #PrimeLands #araliyalands #homelands #ikmamlk #ikman #idam #land #house #houseforsale #srilanka #invest #realestate #prestigeland #Guardianlands #LankaPropertyWeb #patpat https://t.co/0VESsnIYu3",1590953972080287744,2022-11-11 06:26:00+00:00
118,housingforsale,"à®¤à®¾à®°à¯ˆà®¯à®¿à®©à¯ ğŸ¤© à®ªà¯†à®°à¯à®®à®¿à®¤à®®
#2BHK à®®à®±à¯à®±à¯à®®à¯ #3BHK à®µà¯€à®Ÿà¯à®•à®³à¯ à®®à¯à®±à¯à®±à®¿à®²à¯à®®à®¾à®• ğŸ‘·â€â™‚ï¸à®†à®°à¯à®•à¯à®•à®¿à®Ÿà¯†à®•à¯à®Ÿà¯ à®•à®²à¯ˆ à®µà®²à¯à®²à¯à®¨à®°à¯ à®•à¯Šà®£à¯à®Ÿà¯, 

.#Maniiway #maniiwayhouses #maniiwayplots #houseforsale #ResidentialPlots #3BHKHOMES #independenthouse #forsale #realestate #TopBuilders #pollachi #Chennai #Erode #Tiruppur #house https://t.co/8sRVEgBvww",1590953137380429825,2022-11-11 06:22:41+00:00
119,whatisbestnow,"Share the #Best #houseforsale content
Download the Best #app : https://t.co/29sgyGJ4uG
#canada #realestate #torontorealestate #dreamhomesofcanada #torontoluxuryliving #yyzliving #cus #luxuryrealestate #houseforsale

https://t.co/62P33NsOHX https://t.co/uQfGEwoO9X",1590948864861048832,2022-11-11 06:05:42+00:00
120,BestTLD,"Download the Best #app to share your #Best #houseforsale content : https://t.co/3LwU9b7ybO
#canada #realestate #torontorealestate #dreamhomesofcanada #torontoluxuryliving #yyzliving #cus #luxuryrealestate

https://t.co/EKEo1iI2NX https://t.co/iQBw4TgByv",1590948830765514753,2022-11-11 06:05:34+00:00
121,whatisbestnow,"What's #Best on https://t.co/Ttibiry3LJ ?
Toronto Luxury Living - A beautiful, fully renovated, majestic custom built home with over 6,600 sqf
https://t.co/o662tPm3ta
#houseforsale",1590948805020614658,2022-11-11 06:05:28+00:00
122,BestTLD,"Download the Best #app to share your #Best #houseforsale content : https://t.co/3LwU9b70mg
#canada #realestate #torontorealestate #dreamhomesofcanada #torontoluxuryliving #yyzliving #cus #luxuryrealestate

https://t.co/VLcg8cd1iS https://t.co/7Jnog9Yvfi",1590948796619440128,2022-11-11 06:05:26+00:00
123,whatisbestnow,"Share the #Best #houseforsale content
Download the Best #app : https://t.co/29sgyGqVgy
#canada #realestate #torontorealestate #dreamhomesofcanada #torontoluxuryliving #yyzliving #cus #luxuryrealestate #houseforsale

https://t.co/WetsGAcjcs https://t.co/977IUWTarv",1590948771222867968,2022-11-11 06:05:20+00:00
124,FremontCyril,"What's #Best on https://t.co/IJMZ2SKicb ?
Toronto Luxury Living - A beautiful, fully renovated, majestic custom built home with over 6,600 sqf
https://t.co/Ie56swHfgB
#houseforsale",1590948746073763841,2022-11-11 06:05:14+00:00
125,Idamlkweb,"à·ƒà·‘à¶¸ à¶´à·”à¶¯à·Šà¶œà¶½à¶ºà·™à¶šà·”à¶œà·šà¶¸
à¶½à·œà¶šà·”à¶¸ à·ƒà·’à·„à·’à¶±à¶º à·ƒà·‘à¶¶à·‘ à¶šà¶»à¶± à¶­à·à¶±

To know more about plots like this
Visit - https://t.co/3i1ftoa0Pz
#landsale #landsaleinsrilanka #PrimeLands #araliyalands #homelands #ikmamlk #ikman #idam #land #house #houseforsale https://t.co/fZzSMLrn1g",1590934846226198528,2022-11-11 05:10:00+00:00
126,MahaloPropea,"Mahalo properties is a well established and successful Real Estate agency based in Nairobi

Please contact us at sales@mahaloproperties.co.ke or WhatsApp/Call +254 731311780

#realestate #propertyinvestment #familyhome #houseforsale https://t.co/QDqh94Kg3R",1590925881861885952,2022-11-11 04:34:22+00:00
127,Idamlkweb,"To know more about plots like this
Visit - https://t.co/3i1fto9t01
#landsale #landsaleinsrilanka #PrimeLands #araliyalands #homelands #ikmamlk #ikman #idam #land #house #houseforsale #srilanka #invest #realestate #prestigeland #Guardianlands #LankaPropertyWeb #patpat https://t.co/muuN2e7x4C",1590923269783289857,2022-11-11 04:24:00+00:00
128,housingforsale,"""ARE YOU READY TO INVEST ON GOLDEN EGG,NOW INVEST HERE, MAPLE GARDEN, Polots AndHomes, Don't lose the goose that lays golden eggs!

.#Maniiway #maniiwayhouses #maniiwayplots #houseforsale #ResidentialPlots #3BHKHOMES #independenthouse #forsale #realestate #TopBuilders #pollachi https://t.co/bXad7Vmx2y",1590922160264343552,2022-11-11 04:19:35+00:00
129,REN14280,"â˜ï¸ Ainie Daud 018-2510064
https://t.co/KCcLtkUhdh

#houseforsale #houseforsaleampang #rumahuntukdijualampang #ampang #apartmentforsaleampang #apartmentuntukdijualampang #apartmentampang  #wanttosellhouse #wanttobuyhouse #realestatenegotiator #ainiedaudproperty #npr https://t.co/a5WoSBqptx",1590920334127292416,2022-11-11 04:12:20+00:00
130,bhindersonny,"âš ï¸ğŸ¡ OPEN HOUSE ALERT! âš ï¸ğŸ¡

8968 140A St, Surrey | Nov 12 &amp; 13 | 2PM - 4PM

Sonny Bhinder Real Estate Team at 604.593.5055.

#realestate #realtor #homeforsale #houseforsale #singlefamilyhome #singlefamilyhouse #detached #detachedhome #detachedhouse #openhouse #Openhouse2022 https://t.co/kbr2iP1LRu",1590888941812867077,2022-11-11 02:07:35+00:00
131,Idamlkweb,"To know more about plots like this
Visit - https://t.co/3i1fto9t01
#landsale #landsaleinsrilanka #PrimeLands #araliyalands #homelands #ikmamlk #ikman #idam #land #house #houseforsale #srilanka #invest #realestate #prestigeland #Guardianlands #LankaPropertyWeb #patpat https://t.co/p5dUksBTXs",1590879481341902849,2022-11-11 01:30:00+00:00
132,MartinAndLaura,"ğŸ“¢ #OpenHouse on #VeteransDay | Friday, November 11 from 1 to 5 p.m.

ğŸ ï¸ Single-story home with 3 bedrooms and 2 baths in the heart of #LaHabra

ğŸ“ https://t.co/w6Hjyse2j6

Martin &amp; Laura Uribe #FirstTeam #RealEstate

#martinandlaura4re #homeforsale #houseforsale #friday https://t.co/SYbNIvRiw8",1590849455611322372,2022-11-10 23:30:41+00:00
133,MichelleAThorne,"#openhouse 

Drop by this Saturday and view this spacious downtown condo!  Quiet building!  Walk to all downtown amenities! 

#condominium  #condominiumsforsale
#realestate #newfoundlandandlabrador
#listings #houseforsale #realtor https://t.co/B5rZjr1ZmC",1590841838184923136,2022-11-10 23:00:25+00:00
134,Magsgalaxy92,"RT @greenbankprop: ğŸ’šğŸ¤—ğŸ¡ 

Going live tomorrowâ€¼ï¸

Whitefield Drive, Westvale 

3 bedroom, terrace Â£99,950 

~ ğŸ’šğŸ’šğŸ’š ~ 

Call for more informatiâ€¦",1590839739909013504,2022-11-10 22:52:05+00:00
135,SharionYoung,#realestateagent #realestateinvesting #realestategoals #realestatetips #homesforsale #househuntin #houseforsale #dreamhome #househunting #midcenturymodern https://t.co/WfpLHGoRsY,1590830933028085777,2022-11-10 22:17:05+00:00
136,MarketproDeals,NE DC Brick Duplex (NOT IN MLS) https://t.co/1YHWAvV6Qv Call Lisa at 301-383-9344 (no text messages pls) #Houseflipping #DMV #Fixerupper #Investmentopportunities #Investmentproperty #Houseforsale #DMVProperties #DMVInvestors #Wholesale #Cashoffer https://t.co/2jxJick6kv,1590825684947304448,2022-11-10 21:56:14+00:00
137,Propertynewsni,"Getting home after a long day at work is a lot easier with a view like that.ğŸ˜

ğŸ· Â£725,000
ğŸ“ Donagahadee
ğŸ› 4 Beds
ğŸ“  Independent Property Estates 

Book your viewing here: https://t.co/QihmPzFhgf

#Seasidehouse  #homeforsale
#houseforsale #property #propertyforsale https://t.co/xsiCxmQheX",1590811731277729793,2022-11-10 21:00:47+00:00
138,better2build,"My customers consider themselves lucky to have purchased this magnificent home today.
If you want to buy a beautiful home that will make you feel lucky, I would be honored to be your agent.

#justsold #premiumhouse #premiumproperty #happycustomer #affordablehouse #houseforsale... https://t.co/uuCoiTtoDk",1590804141173080064,2022-11-10 20:30:37+00:00
139,jorgezarraga,"RT @ArubaRealty: If you are interested in a large house ğŸ˜nearby Oranjestad and in good condition?
Caya Frere Bonifacius - 7 bedrooms - 4 baâ€¦",1590801516814032897,2022-11-10 20:20:11+00:00
140,ArubaRealty,"RT @ArubaRealty: If you are interested in a large house ğŸ˜nearby Oranjestad and in good condition?
Caya Frere Bonifacius - 7 bedrooms - 4 baâ€¦",1590801471637196801,2022-11-10 20:20:01+00:00
141,ArubaRealty,"If you are interested in a large house ğŸ˜nearby Oranjestad and in good condition?
Caya Frere Bonifacius - 7 bedrooms - 4 bathrooms - office space Listed for US$400.000 
https://t.co/JRnZZ6YYqC #houseforsale #realestatearuba #caribbeanhouses #jzrealty #kellerwilliamsaruba https://t.co/NvOD7QxERK",1590801421175521280,2022-11-10 20:19:49+00:00
142,soldxperts,"MILTON HOME FOR SALE ğŸ¡ğŸ›–

To learn more about LISTING OF THE DAY visit:
ğŸ¯ https://t.co/baLuuI0339
OR CALL Team Soldxperts @ (647) 933-0009 â˜ï¸â˜ï¸

#bramptonrealestateagent #realestateagentinbrampton #homeforsale #houseforsale #buyer #homeforsaleinbrampton #tips #bramptonhomes https://t.co/v7MpK9MRja",1590797341858365440,2022-11-10 20:03:36+00:00
143,ExpCalifornia,"https://t.co/bEFlD20vKx

 #realestate #homebuying #homesales #concordhomes #realestateagent #martinezhomes #pleasanthillhomes #wallnutcreekhomes #homesfinancing #homepurchase #pittsburghomes #sanramonehomes #eastbayhomes #homeforsale #houseforsale",1590797335759622151,2022-11-10 20:03:35+00:00
144,TiwariHome,"MILTON HOME FOR SALE ğŸ¡ğŸ›–

To learn more about LISTING OF THE DAY visit:
ğŸ¯ https://t.co/mf7hinQgRh
OR CALL Team Soldxperts @ (647) 933-0009 â˜ï¸â˜ï¸

#bramptonrealestateagent #realestateagentinbrampton #homeforsale #houseforsale #buyer #homeforsaleinbrampton #tips #bramptonhomes https://t.co/XzhgRPZLf9",1590796814919536642,2022-11-10 20:01:30+00:00
145,TessierTeam,"â€¼ï¸ NEW LISTING â€¼ï¸
ğŸ“959 Limoges Rd, Limoges

For more information or to schedule a showing:
â˜ï¸ 613-443-4300
ğŸ’» https://t.co/3wXDdcUUNI   
#OttawaRealEstate #HouseinLimoges #houseforsale #TessierTeam #ExitRealtyMatrix https://t.co/Z6EWm8zJTY",1590796787312431105,2022-11-10 20:01:24+00:00
146,DebraGJones,"This elegant and modern home could be yours!

ğŸ¡ğŸ“736 Reeves Lane, Seagoville TX 75159

This could be your dream home!
Contact me for more information or for a private tour!

#realestate #realestateagent #realtor #gracerealtygroup #houseforsale #listed #dallasrealestate https://t.co/qjlAVW9XmP",1590796740931817477,2022-11-10 20:01:13+00:00
147,cadenasrealty,"ğŸš¨ OPEN HOUSE ğŸš¨
28440 SW 130th Ave Homestead FL 33033

Saturday, November 12th ğŸ“†
â° From 1:00 p.m. to 4:00 p.m. 

â¡ï¸ 4 Bedrooms
â¡ï¸ 2 Bathrooms
â¡ï¸ 1,599 Sqft
 ğŸ’² 510,000
â¡ï¸ No HOA, No CDD

#marloncadenas #house #houseforsale #miamibeach #miami #forsale #realestate https://t.co/niWQGBWgTw",1590796657230114816,2022-11-10 20:00:53+00:00
148,PPerfectMD,"Tyler Charles of Long &amp; Foster Real Estate just listed 35 E 5th St Frederick, MD 21701! 
#realtor
#realtors
#realestate
#realestateagent
#newlisting
#homesforsale
#homeforsale
#houseforsale
#housesforsale
#listingagent
#homeselling
#listingphotos
https://t.co/4ZyRSxaTOO",1590794123375960064,2022-11-10 19:50:49+00:00
149,greenbankprop,"ğŸ’šğŸ¤—ğŸ¡ 

Going live tomorrowâ€¼ï¸

Whitefield Drive, Westvale 

3 bedroom, terrace Â£99,950 

~ ğŸ’šğŸ’šğŸ’š ~ 

Call for more information! 

#befirst #dontmissout #headsup #new 
#popular #greatlocation #nochain #liverpoolproperty #Liverpool #kirkby 
#houseforsale https://t.co/3HXk4jbyje",1590792312766238720,2022-11-10 19:43:37+00:00
150,PPerfectMD,"Hanna Perez and Team Reeder of Long &amp; FosterÂ® Real Estate just listed 29 Boileau Ct Middletown, MD 21769! 
#realtor
#realestate
#realestateagent
#newlisting
#homesforsale
#homeforsale
#houseforsale
#housesforsale
#listingagent
#homeselling
#listingphotos
https://t.co/G9t1QbIzJq",1590782413189283840,2022-11-10 19:04:17+00:00
151,mysharphomes,"ğŸ“2235 NW 7th Ave Cape Coral, FL 33993
ğŸ¡ 3 bed | 2.5 bath | 3 car garage

Danielle Sharp
ğŸ“² (248) 207-4445
ğŸ“© danielle@allaroundthecape.com
ğŸŒhttps://t.co/ZVJpyFCqbK

#brokerage #homes #listing #realestate #greatvalue #househunting #florida #southwestflorida #houseforsale https://t.co/rhfjQF58Ha",1590781807573753862,2022-11-10 19:01:52+00:00
152,ParkRowPonte,"ğŸŒ¿ ğ•ğ•€â„‚ğ•‹ğ•†â„ğ•€ğ”¸ ğ•Šğ•‹â„ğ”¼ğ”¼ğ•‹ ğŸŒ¿
Victoria Street is now back on the market!
If you would like to view this property, contact Nick and his team on 01977 791133.
More details on the link below.
https://t.co/Oti2PP4jMJ...
 #ackworth #contactus #houseforsale #houseforsaleyorkshire https://t.co/CZ3AXNkm8D",1590781341246885892,2022-11-10 19:00:01+00:00
153,muhammad_hyder,"5 Marla Brand New Spanish HouseğŸ“²+923083022733
Muhammad Naveed Hyder
#dharahbar #dhalahore #investors #investment #realestate #overseaspakistani #househunting #houseforsale #newhouses #Lahore #pakistan #pakistaniinusa #pakistaniinuk #pakistaniincanada #pakistaniingermany https://t.co/B65W8wVV58",1590779662271401984,2022-11-10 18:53:21+00:00
154,PPerfectMD,"Dana Marvel of Heritage Realty just listed 40 Hillside Ct Westminster, MD 21157! 
#realtor
#realtors
#realestate
#realestateagent
#newlisting
#homesforsale
#homeforsale
#houseforsale
#housesforsale
#listingagent
#homeselling
#listingphotos
https://t.co/74rmLkYKXj",1590776976541114368,2022-11-10 18:42:41+00:00
155,loftrealtyde,"Vote for the #Realtor you can trust ğŸ“

Or at least buy this house ğŸ‘€
5 ğŸ›Œ
3.5 ğŸ›
Fenced ğŸŒ²
Rear deck ğŸ˜©
Basement ğŸ˜
Garage ğŸš— ğŸš™
15 West Thrush, Milford Delaware â™¥ï¸
Want more information on it? DM me! ğŸ“§
#delawarerealtor #houseforsale #delawarerealestate #listingvideo #tomferry https://t.co/oLyDY6qGts",1590776918441623552,2022-11-10 18:42:27+00:00
156,AustinLoft,"ğŸ‡ºğŸ‡¸Vote for the #Realtor you can trust ğŸ“
Or at least buy this house ğŸ‘€
5 ğŸ›Œ
3.5 ğŸ›
Fenced ğŸŒ²
Rear deck ğŸ˜©
Basement ğŸ˜
Garage ğŸš— ğŸš™

15 West Thrush, Milford Delaware â™¥ï¸
Want more information on it? DM me! ğŸ“§
#delawarerealtor #houseforsale #delawarerealestate #listingvideo #parody https://t.co/NiRSCTDpRt",1590773852942241792,2022-11-10 18:30:16+00:00
157,PPerfectMD,"Team Bonnie &amp; Maureen of RE/MAXÂ® Realty Plus just listed 9707 Softwater Way Columbia, MD 21046! 
#realtor
#realtors
#realestate
#realestateagent
#newlisting
#homesforsale
#homeforsale
#houseforsale
#housesforsale
#listingagent
#homeselling
#listingphotos
https://t.co/geBPs975IW",1590768220855681029,2022-11-10 18:07:53+00:00
158,weshara1,"And if this sounds like too much, let us do the work. ğŸ¤“ 

Visit our website: 
https://t.co/zcS9UT5VKm 

#secondhomeplatform #secondhome #secondhomeowner #realestate #listing #houseforsale https://t.co/34Exj57JTb",1590766626009649152,2022-11-10 18:01:33+00:00
159,AdriannaHegarty,"Hegarty Properties offer for sale this 3 bedroom property, in a superb location, situated adjacent to the very desirable ""Rocky Road, Midleton"". ğŸ¡

#houseforsale #homeforsale #property #newlisting #eastcork #hegartyproperties #midleton #familyhome #hegartypropertiesmidleton https://t.co/tJBqGizuC8",1590759999583707137,2022-11-10 17:35:13+00:00
160,ScottySmithTm1,"Call/text ğŸ“² @scottysmithteam 608-697-3621 if you know anyone who would like to see this #newlisting ğŸ¡ 3 Bedrooms, 1.5 Baths on just over 1 acre. 3 Car Garage w/workshop. $225,000 #justlisted #houseforsale #pardeevillerealestate #scottysmithteam #firsâ€¦ https://t.co/IdiUgXdHK0 https://t.co/dWMFd5eHnJ",1590759621894889473,2022-11-10 17:33:43+00:00
161,soldbychuncey,"Buyers conduct their research within the first eight seconds of viewing a property. So get out of your car, put yourself in their shoes, and observe what they notice in the first eight seconds. ğŸ˜‰

#homebuying #property #buyertip #houseforsale #coloradorealtor #soldbychuncey https://t.co/1IMzLp4Hta",1590758937854300161,2022-11-10 17:31:00+00:00
162,RegalEstatesCT,"Two Double Bedroom Semi Detached Home
No Chain - Ensuite - Allocated Parking
Aylesham Village - Â£265,000

Call to arrange a viewing 01227 763888

Click link for photos, floorplan &amp; virtual tour
https://t.co/3b6joJGuOt

#houseforsale #aylesham #twobedroom #regalestates https://t.co/k2hJWdg40h",1590757247122276352,2022-11-10 17:24:17+00:00
163,bkayerealty,"ğŸ¤¯ This well-maintained ranch combines the best of amenities and charm!

ğŸ¡ Open House Sunday, November 13, 10:00am - 12:00pm

â¡ï¸ More Information and Photos https://t.co/NP7lgism75

#Ludlow #RealEstate #HouseForSale https://t.co/IeEkdXHeEe",1590755919658651649,2022-11-10 17:19:00+00:00
164,DennisAmick,#realestate #realestateagent #dreamhome #realestateforsale #houseforsale #homeforsale #listing #realtor #realestateinvesting #justlisted #milliondollarlisting #househunting #justsold #realtorlife #realestatetips #realestategoals,1590755137714556928,2022-11-10 17:15:54+00:00
165,forsalehomesgta,"Look at homes that are on the lower end of your budget so you have some wiggle room to make counter offers.

Get in touch - 416-509-5185 

#condoforsale #forsale #houseforsale #Brampton #Orangeville #Mississauga #Dufferin #Oakville #Waterloo https://t.co/wxBPOtBap3",1590751190546935808,2022-11-10 17:00:13+00:00
166,MarketproDeals,"Germantown, Philly 19144 Row (NOT IN MLS) SIGN UP for Open House Tues, 11/15/2022 at 11AM View Property Here: https://t.co/1YHWAvCXCn Call Steve at 215-709-9312 (no text messages pls)
#Houseflipping #PA #Fixerupper #Investmentopportunities #Investmentproperty #Houseforsale https://t.co/PH5uGIxN9N",1590749886772695040,2022-11-10 16:55:02+00:00
167,home_wide,"ğŸ¡  Home Wide is a great way to invest in real estate. We offer a wide variety of properties, from single-family homes to multi-family homes, and we have a team of experienced professionals who can help you find the right property 
â˜ï¸02080509897
#propertyforsale #houseforsale https://t.co/FtnE2rrTrP",1590749131064344577,2022-11-10 16:52:02+00:00
168,PPerfectMD,"The Jim Bass Group of Real Estate Teams, LLC just listed 10623 Old Barn Rd New Market, MD 21774! 
#realtor
#realtors
#realestate
#realestateagent
#newlisting
#houseforsale
#housesforsale
#listingagent
#homeselling
#listingphotos
https://t.co/8pBC9BtJMd",1590745473224101888,2022-11-10 16:37:30+00:00
169,LeoTheLess,"RT @WhiskeyStoneIrl: Good morning all.  If you come across this post while you are scrolling, I'd really appreciate a share.
I'm selling myâ€¦",1590736681635704833,2022-11-10 16:02:34+00:00
170,PromotersKrs,"ARS Builders &amp;Developers
House for Sale
2BHK 
2 Cent
30 Lacks
nagercoil
Whatsapp 9677747779
https://t.co/l9y687ns30
#ARSbuildersdevelopers #kanyakumariproperty #realestate #landforsale #nagercoil #kanyakumari #investor  #house #dreamhome #houseforsale #houseplot #houseplotforsale https://t.co/ukraOWmFXU",1590736680381984769,2022-11-10 16:02:33+00:00
171,ProvenceHome84,"Cette maison de conception moderne offre de nombreuses possibilitÃ©s et de nombreux espaces en plein air. IdÃ©al tant en rÃ©sidence secondaire que principale. ğŸ˜ğŸ¡
ğŸ“Œ Roussillon
REF. 840101929
#provence #vaucluse #luberon #immobilier #realestate #maisonavendre #houseforsale https://t.co/IVLRJWZnUV",1590736516841709576,2022-11-10 16:01:54+00:00
172,thecountstories,"A room with a view .....

#houseforsale

https://t.co/CtFyVTdR6a https://t.co/3NUk9VG2qe",1590734725496594432,2022-11-10 15:54:47+00:00
173,Idamlkweb,"To know more about plots like this
Visit - https://t.co/3i1fto9t01
#landsale #landsaleinsrilanka #PrimeLands #araliyalands #homelands #ikmamlk #ikman #idam #land #house #houseforsale #srilanka #invest #realestate #prestigeland #Guardianlands #LankaPropertyWeb #patpat https://t.co/LPZzTdg05w",1590728234706018305,2022-11-10 15:29:00+00:00
174,NKHomeSales,"#noumankhawajarealtor #nkhomesales #amberwoodrealestate
#firsttimehomebuyer #realestate #realtor #realestateagents
#homeforsale #investment #househunting #dreamhome
#newhome #houseforsale #homesweethome #luxuryhomes
#JustListed #cashbuyers #southbay 

Nouman""Norm""Khawaja. 
D https://t.co/utu0BYxUCS",1590724333218848770,2022-11-10 15:13:29+00:00
175,AvonRealtors,#RealEstateAvonIn #CarpenterCares #Realtors #HomesForSale #HouseforSale https://t.co/ADiGDac1ZF,1590721215203008515,2022-11-10 15:01:06+00:00
176,jaewynrealty,#JAEWYNREALTY ğŸ‚ #buyersagent #fallinlove #finance #happyhome #homebuyer #homeowner #house #homebuyingtips #houseforsale #housingmarketexpert #investment #itsfallyall #listingagent #mortgage #realestate #realestateagent #realestatemarket #realestatenews #realtor #smartmoney https://t.co/Fk6Qr4NDFf,1590714900091109376,2022-11-10 14:36:00+00:00
177,Idamlkweb,"To know more about plots like this
Visit - https://t.co/3i1fto9t01
#landsale #landsaleinsrilanka #PrimeLands #araliyalands #homelands #ikmamlk #ikman #idam #land #house #houseforsale #srilanka #invest #realestate #prestigeland #Guardianlands #LankaPropertyWeb #patpat https://t.co/vOfBtkQ0PI",1590711121899667456,2022-11-10 14:21:00+00:00
178,ResidencySaket,"Beautiful Places To Live.
For any query call: ğŸ“ 81 81 83 93 98

#saketresidency #home #homesweethome #house #houseforsale #3BHKHOMES #4bhkhome #3bhk #4BHK #Realestate #realestateexpert #builders #propertymarket #propertydeveloper #AffordableHousing #rajkot https://t.co/bS9C4qhFbz",1590687175288688641,2022-11-10 12:45:50+00:00
179,KBLproperties,"#houseforsale 
Find more information on the poster https://t.co/dkqiFwV6ko",1590683590609670144,2022-11-10 12:31:36+00:00
180,KBLproperties,"#houseforsale 
Find more information on the poster https://t.co/IMyC3m1g7U",1590682942099296258,2022-11-10 12:29:01+00:00
181,paklandestatepk,"House For Sale F6 islamabad

https://t.co/axgGS0Eaow
Rana Zubair Ahmed 
Pakland Estate 
Jinnah Super F-7 Markaz 
03228529727/ 03335916127/ 0512650714.
#paklandestate #PAKLAND #househunting #houseexpert #houseforsale #houseforrent #houseforsaletoday #houseforsell #housegoals https://t.co/5U4C2c7fZr",1590670762792607744,2022-11-10 11:40:37+00:00
182,Idamlkweb,"To know more about plots like this
Visit - https://t.co/3i1fto9t01
#landsale #landsaleinsrilanka #PrimeLands #araliyalands #homelands #ikmamlk #ikman #idam #land #house #houseforsale #srilanka #invest #realestate #prestigeland #Guardianlands #LankaPropertyWeb #patpat https://t.co/7BBvC9UMxM",1590670371140898816,2022-11-10 11:39:04+00:00
183,mlxjoe,"condos for sale calgary
https://t.co/gHNb8HWa7d
#realestate #realestateagent #houseforsale #property #Canada https://t.co/H80qFaJ7jL",1590666870390411264,2022-11-10 11:25:09+00:00
184,OAErealtyltd,"Call in for inspection today!!!
Call +2348073949533
WhatsApp +2348095508673

#forsale #available #trending #property #propertyforsale #nigeriapropertycentre  #investors #realestate #realestateinvestor #realtors #realestatebroker #realestateagent #nigeriaproperties #houseforsale",1590666829155880960,2022-11-10 11:24:59+00:00
185,SmileFidelix,"For inquiries and inspection please call/WhatsApp: 08032283349

#home #homesweethome #property #properties #beautiful #beautifulplaces #beauty #earth #investment #realestate #smile #world #landlord #landdevelopment #houseforsale #peaceofmind #BITCOIN #Lagos #Nigeria #Africa #love https://t.co/JQI1uTUHdg",1590663112608616449,2022-11-10 11:10:13+00:00
186,Tumblew66104707,"Feel the best Real Estate experience with Tumbleweed and get Luxury homes in the finest locationâœ¨

Contact for more details- 020 3327 4777ğŸ“        

ğŸ“020 3327 4777
ğŸŒhttps://t.co/kRohogjnXq

#propertymanagementsystem #newhome  #realestate #homebuyer #houseforsale #property https://t.co/QnONC4jevB",1590660576107466752,2022-11-10 11:00:09+00:00
187,askconceptRE,"Don't Sleep on our 72 hours Promo.

Kindly send us a message now to book your Slot. 

#realtor 
#realtorlife 
#RealEstateInvestment 
#HouseToBuyInLekki 
#HouseForSale 
#housesinlagos https://t.co/gJEP8eGcJy",1590657920945254400,2022-11-10 10:49:36+00:00
188,muhammad_hyder,"5 Marla Brand New Modern Design House In DHA Phase 11 Rahbar lahore.
ğŸ“²+923083022733
#dha #dharahbar #dhalahore #dhapakistan #realtors #realty #investors #investment #realestate #builders #construction #overseaspakistani #househunting #houseforsale #newhouses #Lahore #pakistan https://t.co/IAZz60ArHR",1590649961036685313,2022-11-10 10:17:58+00:00
189,lkopropertywala,"à¤µà¤¿à¤²à¤¾ à¤œà¥‹ à¤†à¤¸à¤¾à¤¨ à¤¹à¥‹ à¤–à¤°à¥€à¤¦à¤¨à¥‡ à¤®à¥‡à¤‚ à¤”à¤° à¤²à¥‹à¤¨ à¤­à¥€ à¤†à¤¸à¤¾à¤¨à¥€ à¤¸à¥‡ à¤¹à¥‹, à¤²à¤–à¤¨à¤Š à¤ªà¥à¤°à¥‰à¤ªà¤°à¥à¤Ÿà¥€ à¤µà¤¾à¤²à¤¾ à¤²à¤¾à¤¯à¥‡ à¤¹à¥ˆà¤‚ à¤¹à¤²à¤µà¤¾à¤¸à¤¿à¤¯à¤¾ à¤¸à¤®à¥à¤¬à¤¨à¥à¤§ LDA approved à¤”à¤° SBI Approved 2 BHK à¤”à¤° 4 BHK à¤µà¤¿à¤²à¤¾ à¤¹à¤¾à¤‰à¤¸ à¤—à¥‹à¤¸à¤¾à¤ˆà¤‚à¤—à¤‚à¤œ à¤¸à¥à¤²à¥à¤¤à¤¾à¤¨à¤ªà¥à¤° à¤°à¥‹à¤¡ à¤²à¤–à¤¨à¤Š à¤®à¥‡à¤‚ 

#villa #rowhouses #houseforsale #houseinlucknow #buyhouse #rowhouseinlucknow https://t.co/XZFq0lrfpL",1590648522889916417,2022-11-10 10:12:15+00:00
190,H_S_P_C,"ğŸ  NEW
ğŸ“ 9 Colin Young Place, Gordon Street, Nairn
ğŸ’° Offers over Â£95,000
ğŸª§ https://t.co/8BfbCXb5Bg

#propertyforsale #forsale #househunting #houseforsale #home #luxuryhomes
#dreamhome #homesforsale #justlisted #properties #newhome #house
#homesweethome #homebuyer #homebuyers https://t.co/1jTEIj8xqU",1590647206402412546,2022-11-10 10:07:01+00:00
191,greenhithehomes,"Selling in Ingress Park. 
@ThehomesGroup are proud to have been appointed marketing agents for the sale of this fantastic three bedroom house set within the very popular Ingress Park development. 
https://t.co/R5scUXgiqn 
#newlisting #houseforsale #kent https://t.co/fwDRbqWsdk",1590638271666991105,2022-11-10 09:31:31+00:00
192,Idamlkweb,"To know more about plots like this
Visit - https://t.co/3i1ftnRRBr
#landsale #landsaleinsrilanka #PrimeLands #araliyalands #homelands #ikmamlk #ikman #idam #land #house #houseforsale #srilanka #invest #realestate #prestigeland #Guardianlands #LankaPropertyWeb #patpat https://t.co/L9a2vZj6k9",1590637637835968513,2022-11-10 09:29:00+00:00
193,H_S_P_C,"ğŸ¡ NEW
ğŸ“ 40 Greenside Street, Rosemarkie
ğŸ’° Offers over Â£186,500
ğŸª§ https://t.co/5CBsBLqaJY

#propertyforsale #forsale #househunting #houseforsale #home #luxuryhomes
#dreamhome #homesforsale #justlisted #properties #newhome #house
#homesweethome #homebuyer #homebuyers #estate https://t.co/GmWU04RTrz",1590637614721163264,2022-11-10 09:28:54+00:00
194,thecountstories,"#houseforsale is de nieuwe 'Man bijt hond', maar dan in een ander jasje.
Geweldig programma over de mens(en) achter de verkoop van hun bijzondere woning. 

https://t.co/UwIQIsC9Ui",1590617467847839744,2022-11-10 08:08:51+00:00
195,BluestoneAgents,"ğŸ¡ FOR SALE - Five-bedroom mid-terraced house
Somerset Road, St Julians, Newport

Book your viewing today!
https://t.co/6uxr8qNxti

#house #houseforsale #fivebedrooms #terracedhouse #familyhome #propertyforsale #propertysearch #property #estateagents #estateagency https://t.co/fxdA1NrS6l",1590615445027319808,2022-11-10 08:00:48+00:00
196,Idamlkweb,"à¶´à¶¯à·’à¶ à·’à¶ºà¶§ à¶œà·™à¶ºà¶šà·Š à¶œà¶±à·Šà¶±,
à¶œà·™à¶ºà¶šà·Š à·„à¶¯à¶±à·Šà¶± à¶‰à¶©à¶¸à¶šà·Š à¶œà¶±à·Šà¶±
à¶‰à¶©à¶¸à·Š, à¶œà·™à·€à¶½à·Š à·„à·œà¶ºà·à¶œà¶±
à¶½à¶‚à¶šà·à·€à·š à·„à·œà¶¯à¶¸ website à¶‘à¶š

To know more about plots like this
Visit - https://t.co/3i1ftoa0Pz
#landsale #landsaleinsrilanka #PrimeLands #araliyalands #homelands #ikmamlk #ikman #idam #land #house #houseforsale https://t.co/HZYBR46nsl",1590591081057767425,2022-11-10 06:24:00+00:00
197,PoojaRo38953355,""" Ab Property deals pe Brokerage Q dena Cleardeals hai na! ""
#realestate #reels #reel #realtor #realestatelife #realestateagent #propertyforsale #propertymanagement #property #propertymanager #propertagent #housebeautiful #houseforsale #house #home #homesearch #nobrokerage https://t.co/grR7NKq2FP",1590577916630691843,2022-11-10 05:31:41+00:00
198,clear_deals,""" Ab Property deals pe Brokerage Q dena Cleardeals hai na! ""

#realestate #reels #reel #realtor #realestatelife #realestateagent #propertyforsale #propertymanagement #property #propertymanager #propertagent #housebeautiful #houseforsale #house #home #homesearch #nobrokerage https://t.co/XadVQmtwQh",1590563805280743424,2022-11-10 04:35:37+00:00
199,Idamlkweb,"To know more about plots like this
Visit - https://t.co/3i1ftoa0Pz
#landsale #landsaleinsrilanka #PrimeLands #araliyalands #homelands #ikmamlk #ikman #idam #land #house #houseforsale #srilanka #invest #realestate #prestigeland #Guardianlands #LankaPropertyWeb #patpat https://t.co/ZowQBdnfK4",1590560630414934021,2022-11-10 04:23:00+00:00
200,ExpCalifornia,"https://t.co/9HSzhDF5F6
  #realestate #homebuying #homesales #concordhomes #realestateagent #martinezhomes #pleasanthillhomes #wallnutcreekhomes #homesfinancing #homepurchase #pittsburghomes #sanramonehomes #eastbayhomes #homeforsale #houseforsale",1590539774020161537,2022-11-10 03:00:07+00:00
201,ucherealestate,"Life is beautiful. â¤ï¸

Don't forget!

#life #quotesaboutlife #wisdomquotes #lifebeauty #lifeisgood 
#realestatebusiness #realestate #houseforsale #realestateagent #realestateexperts #realestateadvice #househunting #homeforsaleboston #homeforsaleprovidence https://t.co/TejW9QVc1t",1590529200284663808,2022-11-10 02:18:06+00:00
202,kachengsold,"Waiting on settlement for this beautiful property ğŸ¥³ğŸ¥‚âœ¨

ğŸ“ 8 / 8 Hovea Court Morley WA 6062 

#morley #sold #houseforsale #kacheng https://t.co/mfrt1xHfpx",1590524799042084864,2022-11-10 02:00:37+00:00
203,SheyGladstone,"Ready to start searching for your dream home? Take a look at available properties now!

SG Group - Artisan Real Estate Associates #sgrealty
#realestate #realtor #househunting #homeforsale #homebuying #houseforsale #portlandhome... https://t.co/RoMo9uD0y3 https://t.co/UmwsDF175P",1590517151529664512,2022-11-10 01:30:13+00:00
204,AmyCoul36291821,"Amy Coulter
ğŸ“² (941)284-5644 

#forsale #homeforsale #houseforsale #realestate #realtor #investment #realtorlife #househunting #dreamhome #realestatelife #homesforsale #puntagorda #portcharlotte #lakefronthome #openfloorplan #charlotterealtor #amycoulter #remaxpalmrealty https://t.co/RQCDKVCpMz",1590502412821082113,2022-11-10 00:31:39+00:00
205,realtywonders,"NO ASSOCIATION in Palmetto Bay!!! $849,900

Located at 8600 SW 179th st Palmetto Bay, Fl, 33157

One of the last great HOMES in Palmetto Bay FOR SALE 

For more information visit https://t.co/2RASCAzBO1

#realestate #homeforsale #houseforsale #palmettobay #palmettobayrealestate https://t.co/Ty1hxejW1I",1590479629256916992,2022-11-09 23:01:07+00:00
206,buy1_best,RT @Leonfruchtzweig: Thinking about selling? Staging your home first could net you a bigger offer. I'll help you find the perfect stager.â€¦,1590479187990962176,2022-11-09 22:59:22+00:00
207,Leonfruchtzweig,"Thinking about selling? Staging your home first could net you a bigger offer. I'll help you find the perfect stager. 

#houseforsale #thehelpfulagent #decor #homedecor #houseexpert #style #listreports #realestate #realestateagent #home #house #realtor #realestateagent https://t.co/wRdafr7eRc",1590478769730752512,2022-11-09 22:57:43+00:00
208,bronkhorst29,Het prachtig gemaakte #Houseforsale van #powned werd er even door heen geramd in de laatste 3 minuten van #jinek schandalig zeg ..,1590472755212058624,2022-11-09 22:33:49+00:00
209,Shoot2SellCbus,"Check out this listing at 400 St. Clair Ave. in Columbus! 
Presented by Julie Judge, Judge Real Estate LLC!
#newlisting #columbusohiohomes #columbusohio #centrlaohiorealestate #judgerealestate #houseforsale https://t.co/2Eucdq3yV8",1590470948184293376,2022-11-09 22:26:38+00:00
210,birgit2021,"#jinek
Ik vind #houseforsale van @PowNed ook zo'n geweldig programma. 
Kijk elke dinsdag, of ik kijk het terug, ik wil het niet missen.",1590468108711759872,2022-11-09 22:15:21+00:00
211,EndlessCofStars,There was a reason why the house was listed for such a low priceâ€¦ #AIart #AIArtwork  #artwork #art #texttoimage #digitalart  #AIArtisArt  #StableDiffusion  #houseforsale #shittyrealesate #poorchoice #tree #houseforsale https://t.co/3oNaFAsXLT,1590465164155195393,2022-11-09 22:03:39+00:00
212,MrFrisco2,"Want to know how much your home is worth? Find out now - Don't wait another day! ğŸ—“ï¸

#realestateagency #Realestate #residentialrealestate #houseforsale  #homeforsale #propertyforsale #luxuryhomes #misterfrisco #globusrealty https://t.co/uwsVWQEaqa https://t.co/xOnMhjahBF",1590453570028986369,2022-11-09 21:17:34+00:00
213,BuyBiencom,"âœ… Property Type: Residential ğŸ¡
âœ… Brisas de Chapala
âœ… Beds: 3
âœ… Baths: 2.5 ğŸ›‹
âœ… Floors: 1
âœ… Yard
â­• Construction ftÂ²: 2,745
â­• Lot ftÂ²: 7,007
â˜ Llama para esta propiedad.
ğŸ“² (376)-766-1186
ğŸŒ https://t.co/CSOWHc29XT
 #houseforsale #Ajijic #chapalalake #realestate #SALE https://t.co/s7bsntV0Lu",1590449243692871681,2022-11-09 21:00:23+00:00
214,thijs_peggy,Wat een fantastisch progamma is dit! Gewoon een nieuw soort #manbijthond ik hou van deze #types en #binnengluren is altijd leuk #houseforsale,1590447774562406400,2022-11-09 20:54:33+00:00
215,jpsoree,"Ben jij op zoek naar een fijne twee-onder-Ã©Ã©n-kapwoning, gelegen aan het water en rondom in het groen? Kijk op https://t.co/rHz0d529zz. Funda-link volgt. #huisTeKoop #houseForSale #Gouda https://t.co/4tfogp7GMF",1590446494494371840,2022-11-09 20:49:28+00:00
216,LindaTrevorCo,"ğŸ’¥AMAZING NEW PRICEğŸ’¥
$399,900 and Move-in Ready!

1414 COPPER CREEK LANE, DURHAM NC 27713
3 Beds, 2.5 Baths, 1,635 Sqft

See full listing: https://t.co/dnP5F8eQpj

#durham #realestate #houseforsale #newprice https://t.co/C5hEUrh3dE",1590441481810034688,2022-11-09 20:29:32+00:00
217,kerry_s_xx,"RT @greenbankprop: Reduced by Â£10,000

Mount Crescent, Kirkby ~ Â£169,950

3 Bed Semi with Garage. 

#perfectfamilyhome #housesinliverpool #â€¦",1590438634645516288,2022-11-09 20:18:14+00:00
218,JimHatzimoisis,"RT @BarryPlantTL: To explore some of the most exciting #OpenHouses across the #NorthWest of #Melbourne this week, visit: https://t.co/Mweqbâ€¦",1590437756043669504,2022-11-09 20:14:44+00:00
219,janet_pushee,"This week's ""Team Pushee"" activity ~ hot off the presses! #RealEstate #Northport #Huntington #Greenlawn #HouseForSale #ForRent #OpenHouse #ColdwellBanker #PriceReduced #SuffolkCounty #Colonial #NewConstruction https://t.co/VksVsLTTP0",1590426042929668096,2022-11-09 19:28:11+00:00
220,luminitarealtor,"ğŸ  ğŸ“Œ  Homes with pools in Celina. Don't wait until summer. Make a brilliant move now! 

https://t.co/stVNQIMjgu

 #realtor #homes #newhomes #homesforsale #buyahome #houseforsale #texashomes #homesandlandintexas  #homeswithpools https://t.co/EIr532sRWg",1590411265335513089,2022-11-09 18:29:28+00:00
221,mellis_kwnyc,"To register for this complimentary seminar, click on the link below.

https://t.co/8TKQ7LZ64t

#realestatenewyork #newyorkrealestate #realestate #realestateagent #realtor #realestateinvesting #justlisted #house #houseforsale #podcast #podcaster #podcastlife #seminar",1590401736359178241,2022-11-09 17:51:36+00:00
222,DennisAmick,#realestate #realestateagent #dreamhome #realestateforsale #houseforsale #homeforsale #listing #realtor #realestateinvesting #justlisted #milliondollarlisting #househunting #justsold #realtorlife #realestatetips #realestategoals,1590391844588126209,2022-11-09 17:12:18+00:00
223,gmtowner,"RT @sharonb011: ""Architecture is really about well-being. I think that people want to feel good in a space.""
â€• Zaha Hadid ğŸ“–

#quote #quoteoâ€¦",1590389621657067525,2022-11-09 17:03:28+00:00
224,sheriwillickyxe,"NEW PRICE!Â ONLY $399,900!!!! RIVER HEIGHTS, NORTH END SASKATOON
30 Columbia Drive, in Saskatoon's River Heights neighbourhood! MLSÂ®SK903151 Now only $399,900
#riverheights #northend #saskatoon #houseforsale #homeforsale #yxe #saskatoon #saskatoonrealestate
https://t.co/dEXowXfKo6",1590388740266295296,2022-11-09 16:59:58+00:00
225,BuyMeAnyway,"If you buy this home you won't need a Peloton. Your daily workout comes by moving your bed, every single day, so you can open the closest! #HouseHunters #hgtv #realestateagent #houseforsale https://t.co/2zhyG6rQf1",1590385773131759616,2022-11-09 16:48:10+00:00
226,ShawnWh50617417,"RT @StarCrestFrisco: New listing in Granbury!

#ERAStarCrest #ERA #NewListing #JustListed #HomeForSale #GranburyRealtor #DFWRealtor #Listinâ€¦",1590384732797181952,2022-11-09 16:44:02+00:00
227,CPerezRealtor,"Which part of your house does your cat love most?

#PerezandPartners #remax #remaxrightchoice #weareREMAX #REMAXHustle #realestate #homeforsale #houseforsale #sold 
#www.fairfieldcountycarlosperez.com https://t.co/CjW88G4nWg",1590383355278696448,2022-11-09 16:38:34+00:00
228,PPerfectMD,"Ron Wolfe of The Wolfe Team of Charis Realty Group presents 11644 Whitetail Ln Ellicott City, MD 21042! 
#realtor
#realtors
#realestate
#realestateagent
#newlisting
#homesforsale
#homeforsale
#houseforsale
#listingagent
#homeselling
#listingphotos
https://t.co/8zCqxcViLg",1590379647040049152,2022-11-09 16:23:50+00:00
229,sharonb011,"""Architecture is really about well-being. I think that people want to feel good in a space.""
â€• Zaha Hadid ğŸ“–

#quote #quoteoftheday #design #style #interiordesign #comfort
#realestate #sellinghome #buyinghome #selling #buying #homesforsale #houseforsale #triadnc https://t.co/y8mUsB64P5",1590376435189153792,2022-11-09 16:11:04+00:00
230,Amanquar1,"RT @sheltermart: A Luxurious fully furnished 3 bedroom  apartment located at Spintex for sale.

Kindly click on the link below for more detâ€¦",1590374966822055936,2022-11-09 16:05:14+00:00
231,kingshillsEA,"ğŸ¡ Bed #HouseForSale in #Bledlow 

This incredible home has been completely re-designed and extended to an extremely high standard by the current owners. No refurb hassle - it's ready for you! 

Asking price of Â£1.5k

ğ™«ğ™ğ™šğ™¬ ğ™›ğ™ªğ™¡ğ™¡ ğ™™ğ™šğ™©ğ™–ğ™ğ™¡ğ™¨
ğŸŒ https://t.co/6jNEampr5f https://t.co/1nADQDw2GR",1590371438703579138,2022-11-09 15:51:13+00:00
232,TheLemmondGroup,"ğŸ›‹ï¸ Everyone has a favorite place at home that's close to their soul! What's yours? Comment below your go-to-spot! ğŸ’›

#houseforsale #northcarolinarealtor #dreamhome #newlisting #vacationhome #lotforsale #ncrealestate #kwcc #ncrealestate #ncrealtor #kellerwilliamscrystalcoast https://t.co/klKYZSKfAy",1590362376448217120,2022-11-09 15:15:12+00:00
233,HomesInTO,Check out this listing at 7 Roe Ave in Lawrence Park. #houseforsale #torontorealestate  https://t.co/6yG8M1cUBI,1590356787772813312,2022-11-09 14:53:00+00:00
234,TheBillNetwork,"Premier World Hotel Collection For Sale

https://t.co/ZiIXoQvhWw

#hotelforsale #hotel #realestate #hoteldijual #propertyforsale #property #landforsale #hotelinvestment #investor #propertybali #houseforsale #tanahdijual #hotels #propertyinvestment #...
https://t.co/ThLGzGaTHJ",1590354428330094593,2022-11-09 14:43:37+00:00
235,REMAXAdvancedIN,"ğŸ“5730 Lawton Loop West Drive, Indianapolis, IN 46216 
  
MLS# 21858370 
Listing Agent : Jordan Wirth | 317-549-5363 
ğŸ·ï¸ List Price: $929,900 
ğŸ›ï¸ 6 Beds
ğŸ› 4.5 Baths
ğŸ“ 7,089  SqFt
ğŸš˜4+ Garage 
https://t.co/55xY0LGrgg 

#HouseForSale #indianaplisRealEstate #IndianaRealtors https://t.co/P7NtroWjw5",1590354149547597825,2022-11-09 14:42:31+00:00
236,Idamlkweb,"To know more about plots like this
Visit - https://t.co/3i1ftoa0Pz
#landsale #landsaleinsrilanka #PrimeLands #araliyalands #homelands #ikmamlk #ikman #idam #land #house #houseforsale #srilanka #invest #realestate #prestigeland #Guardianlands #LankaPropertyWeb #patpat https://t.co/dlJvicel5j",1590348486373175297,2022-11-09 14:20:01+00:00
237,jaewynrealty,#JAEWYNREALTY #buyersagent #finance #happyhome #homebuyer #homebuyingtips #homeisthenicestword #homeowner #house #houseforsale #housingmarketexpert #investment #listingagent #mortgage #realestate #realestateagent #realestatemarket #realestatenews #realtor #smartmoney https://t.co/GlMn54Iz3v,1590345428461301761,2022-11-09 14:07:51+00:00
238,ee_zuu_art,"â€¼ï¸FOR SALEâ€¼ï¸
A 4UNIT OF 2BRM APARTMENT
The 960sqm land has a functioning 4 units of 2 Bedroom apartments on it. Seating on 250sqm. You have 464sqm free for you to build anything on (â‚¦80,000,000).

Contact: 08089519766, 09154898310.
#realtors #houseforsale #apartments #leaked https://t.co/fOp5oQIwrT",1590345342532620290,2022-11-09 14:07:31+00:00
239,jaewynrealty,#JAEWYNREALTY @jamalbrobinson #buyersagent #finance #happyhome #homebuyer #homeowner #house #homebuyingtips #houseforsale #housingmarketexpert #investment #listingagent #mortgage #realestate #realestateagent #realestateexpert #realestatemarket #realestatenews #realtor #smartmoney https://t.co/CyvGLMukCS,1590345322131517441,2022-11-09 14:07:26+00:00
240,jaewynrealty,#JAEWYNREALTY #buyersagent #finance #funny  #happyhome #home #homebuyer #homebuyingtips #homedecor #homeowner #homestyle #hometips #house #houseforsale #houseplants #housingmarketexpert #investment #listingagent #mortgage #plants #realestate #realestateagent #realtor #smartmoney https://t.co/q8plR9dgsN,1590345264011042816,2022-11-09 14:07:12+00:00
241,bluecoastalre,"Reminder:

All you need is the plan, the road map, and the courage to press on to your destination. ~ Earl Nightingale

.
.
.
#homesales #housesales #homeforsale #houseforsale #propertyforsal #forsale #propertysales #justsold #sold #selling #renovated #propertyinvestors https://t.co/Nrpm9cnznG",1590343461156315136,2022-11-09 14:00:02+00:00
242,AndrewAlmazan4,"Look at these 3 beautiful properties for sale!â£
 â£â£
If you want to learn more about any of these houses, feel free to call me at 571-330-7595 or I can be reached at andrew@thealmazanhomes.com.â£â£â£
â£
#newhomeâ£â£
#ManassasParkâ£â£
#HouseForSale https://t.co/CpEtqoiI1U",1590342731263774721,2022-11-09 13:57:08+00:00
243,AvonRealtors,"Your house needs to stand out in the market, and I can help you make that happen.
#RealEstateAvonIn #CarpenterCares #Realtors #HomesForSale #HouseforSale https://t.co/Th9JLt4034",1590331967328993284,2022-11-09 13:14:22+00:00
244,mlxjoe,"best realtors in calgary
https://t.co/gHNb8HWa7d
#realestateagent #realestate #houseforsale #properties #Canada https://t.co/3WWYT692TL",1590328867356823557,2022-11-09 13:02:03+00:00
245,FabLifeHomes,"âœ¨ HOME FOR SALEâœ¨ 
ğŸ“Œ 1545 Kadleston Way NE Brookhaven, Atlanta GA 30319

Interested? Contact us TODAY to find out more about this home! 
ğŸ“± 678.730.4542
ğŸ“§ kimhutchens@kw.com

#FabLifeRealEstate #FLRE #HouseforSale #Brookhaven #NewListing #IntownLiving #ranchonabasement https://t.co/J2BQ3nXRew",1590328426006806529,2022-11-09 13:00:18+00:00
246,AOudenhoven,Die kapper met zijn rariteiten kabinet is zeer eenzaam en ik vrees dat niemand dat verlopen gedoetje wil kopen  #houseforsale,1590325462550851584,2022-11-09 12:48:31+00:00
247,AOudenhoven,Dat jonge stel met hun aangeharkt huis: wordt niet echt in geleefd  #houseforsale,1590324946097823744,2022-11-09 12:46:28+00:00
248,ms_ruthies,"RT @sheltermart: A Luxurious fully furnished 3 bedroom  apartment located at Spintex for sale.

Kindly click on the link below for more detâ€¦",1590322781786615808,2022-11-09 12:37:52+00:00
249,141shooting,"Tired of renters not paying on time, tearing up your house, or calling you at 2 am about a clogged toilet?  I can give you a monthly payment without the headaches!

#houseforsale #houserentoown #apartmentsforsale #apartmentforrent #fixerupper #jonesbororealestate #paragouldre... https://t.co/OndnLEZ1cW",1590322372607086593,2022-11-09 12:36:15+00:00
250,PromotersKrs,"ARS Builders &amp; Developers
House for Sale
2BHK 
2Cent
25 Lacks
nagercoil
Whatsapp 9677747779
https://t.co/l9y687ns30
#ARSbuildersdevelopers #kanyakumariproperty #realestate #landforsale #nagercoil #kanyakumari #investor  #house #dreamhome #houseforsale #houseplot #houseplotforsale https://t.co/nLL3iuRQYB",1590321237955575808,2022-11-09 12:31:44+00:00
251,landhub,"Beautiful Single-Family Home On Auction
This Spacious 4000 Sq. Ft House Resides on a 3-Acre Tract Ideal For Entertaining Guests &amp; Family! ğŸ¡ ğŸ‘©â€ğŸ‘©â€ğŸ‘§â€ğŸ‘¦ ğŸ‘¨â€ğŸ‘¨â€ğŸ‘¦â€ğŸ‘¦ ğŸ’¯

Located In Hampton, #GeorgiağŸ“ 
#houseforsale #buyhouse 

MORE INFO âœ’ï¸ https://t.co/yDFhs2VkVr https://t.co/4QeTDnmNhu",1590320870823981058,2022-11-09 12:30:16+00:00
252,Idamlkweb,"To know more about plots like this
Visit - https://t.co/3i1fto9t01
#landsale #landsaleinsrilanka #PrimeLands #araliyalands #homelands #ikmamlk #ikman #idam #land #house #houseforsale #srilanka #invest #realestate #prestigeland #Guardianlands #LankaPropertyWeb #patpat https://t.co/zPz9CWn6Io",1590318031800074241,2022-11-09 12:19:00+00:00
253,AfieziwahHomes,"RT @sheltermart: A Luxurious fully furnished 3 bedroom  apartment located at Spintex for sale.

Kindly click on the link below for more detâ€¦",1590314429085720576,2022-11-09 12:04:41+00:00
254,dela_de_nye,"RT @sheltermart: A Luxurious fully furnished 3 bedroom  apartment located at Spintex for sale.

Kindly click on the link below for more detâ€¦",1590313116449243137,2022-11-09 11:59:28+00:00
255,sheltermart,"A Luxurious fully furnished 3 bedroom  apartment located at Spintex for sale.

Kindly click on the link below for more details about the property. https://t.co/uv8zr1KJO8 

ğŸ“²Contact Shelter Mart Properties on 0542810990 /0542810883 for other inquiries. 
#houseforsale #Ghana https://t.co/pgzaKBRHHh",1590312092267008001,2022-11-09 11:55:24+00:00
256,ResidencySaket,"Perfect place for your home

#saketresidency #saket #realestate  #home #house #propertydeveloper #propertydevelopment #builders #3BHKHOMES #4bhkhomes #3bhkhouse #houseforsale #homeforsale #kalawadroad #rajkot https://t.co/RBpP4OGjDh",1590308613738098688,2022-11-09 11:41:34+00:00
257,Idamlkweb,"To know more about plots like this
Visit - https://t.co/3i1ftoa0Pz
#landsale #landsaleinsrilanka #PrimeLands #araliyalands #homelands #ikmamlk #ikman #idam #land #house #houseforsale #srilanka #invest #realestate #prestigeland #Guardianlands #LankaPropertyWeb #patpat https://t.co/BrImLsp4kB",1590290349393842176,2022-11-09 10:29:00+00:00
258,AlohaPropFinder,"Majestic and modern style villa in Nueva Andalucia ğŸ˜ğŸ’âœ¨

https://t.co/b6rDah6gc8

#sale #houseforsale #realestateagent #propertyinvestment #luxury #luxurylifestyle #luxuryrealestate #househunting #property #investment #villa #home https://t.co/ugLpcECLhV",1590271808220995584,2022-11-09 09:15:19+00:00
259,WaterWorxUK,"RT @BusinessGiftUK: Great home for sale on Buckshaw Village. Very handy for the station. 

#houseforsale 

https://t.co/AY0UL1Xkwh",1590260934307565568,2022-11-09 08:32:07+00:00
260,Idamlkweb,"To know more about plots like this
Visit - https://t.co/3i1ftnRRBr
#landsale #landsaleinsrilanka #PrimeLands #araliyalands #homelands #ikmamlk #ikman #idam #land #house #houseforsale #srilanka #invest #realestate #prestigeland #Guardianlands #LankaPropertyWeb #patpat https://t.co/s8GYjKQW92",1590259898759057413,2022-11-09 08:28:00+00:00
261,DuchessHomesDCL,"Can You Buy This Beauty In Lekki Ajah Lagos For  N165MILLION? 

If Yes Then Call The Numbers Below Let Me Help You Close This Deal. 

ğŸ“ LOCATION: Ajah Lekki Lagos 

ğŸ“Œ PRICE: N165MILLION 

For Purchase Enquiries And Viewings Call: 07057268008

#Midterms2022 #houseforsale #lekki https://t.co/j9GWSqZq3w",1590252016626192385,2022-11-09 07:56:40+00:00
262,BodrumGrupAura,"#acropolport
https://t.co/NwAzxTOxXG
#bodrum #grupaura #emlak #satÄ±lÄ±k #proje #yatÄ±rÄ±m #bodrumdayaÅŸam #luxury #luxuryvilla #flatvilla #bodrumdavilla #bodrumdasatÄ±lÄ±k #yeniproje #forsale #house #houseforsale #villaforsale #villaforsaleinbodrum #gÃ¼vence #gÃ¼mÃ¼ÅŸlÃ¼k #Ã¶zgÃ¼nmimari https://t.co/PB7V4GSruQ",1590252014503878659,2022-11-09 07:56:40+00:00
263,joostmaiburg,"#wakuwaku (425k) scoort 2x zoveel dan normaal dankzij #sinterklaasjournaal (1.106.000). #opsporingverzocht 1.020.000, #vandaaginside 902k, #gtst 900k, #bureauarnhem 833k, #op1 736k, #reddersopzee 701k, #jinek 659k, #urk 618k, #oplichters 608k, #112vandaag 445k, #houseforsale 313k https://t.co/y8djKz00Od",1590241327215960065,2022-11-09 07:14:12+00:00
264,PoojaRo38953355,""" Ab Property deals pe Brokerage Q dena Cleardeals hai na! ""
#realestate #reels #reel #realtor #realestatelife #realestateagent #propertyforsale #propertymanagement #property #propertymanager #propertagent #housebeautiful #houseforsale #house #home #homesearch #nobrokerage https://t.co/OpY9HNQLhh",1590234895502438401,2022-11-09 06:48:38+00:00
265,Dlclassifieds1,"Sell Houses &amp; Apartments in Saidapet
Looking for an apartment? Browse our website - Dlclassifieds. Looking to sell your house or property? Post an Ad with Dlclassifieds to reach more buyers. 
https://t.co/nEnYBn9yHu
#house #houseexpert #housedesign #houseforsale #houseforrent https://t.co/TtljgD81BP",1590230971823304705,2022-11-09 06:33:03+00:00
266,Dlclassifieds1,"Sell Houses &amp; Apartments in Royapettah
Looking for an apartment? Browse our website - Dlclassifieds. Looking to sell your house or property? Post an Ad with Dlclassifieds to reach more buyers. 
https://t.co/nEnYBn9yHu
#house #houseexpert #housedesign #houseforsale #houseforrent https://t.co/b4gQON9CmW",1590230626736963585,2022-11-09 06:31:41+00:00
267,Dlclassifieds1,"Sell Houses &amp; Apartments in Purasawalkam
Looking for an apartment? Browse our website - Dlclassifieds. Looking to sell your house or property? Post an Ad with Dlclassifieds to reach more buyers. 
https://t.co/nEnYBn9yHu
#house #houseexpert #housedesign #houseforsale #houseforrent https://t.co/T3hg2E3XFq",1590230272137920513,2022-11-09 06:30:16+00:00
268,Dlclassifieds1,"Sell Houses &amp; Apartments in Pudhuvannarapettai
Looking for an apartment? Browse our website - Dlclassifieds. Looking to sell your house or property? Post an Ad with Dlclassifieds to reach more buyers. 
https://t.co/nEnYBn9yHu
#house #houseexpert #housedesign #houseforsale https://t.co/9LfMhdTx9F",1590229829152296960,2022-11-09 06:28:30+00:00
269,Dlclassifieds1,"Sell Houses &amp; Apartments in Perambur
Looking for an apartment? Browse our website - Dlclassifieds. Looking to sell your house or property? Post an Ad with Dlclassifieds to reach more buyers. 
https://t.co/nEnYBn9yHu
#house #houseexpert #housedesign #houseforsale #houseforrent https://t.co/LLmJ05YGDq",1590229413756821505,2022-11-09 06:26:51+00:00
270,BarryPlantTL,"To explore some of the most exciting #OpenHouses across the #NorthWest of #Melbourne this week, visit: https://t.co/MweqbMfGBu 
#realestate #TaylorsLakes #CarolineSprings #FraserRise #KeilorDowns #Hillside #TaylorsHill #Aintree #Sydenham #propertyinvestment #houseforsale https://t.co/ezGihEroUx",1590212779679485954,2022-11-09 05:20:46+00:00
271,Idamlkweb,"To know more about plots like this
Visit - https://t.co/3i1ftnRRBr
#landsale #landsaleinsrilanka #PrimeLands #araliyalands #homelands #ikmamlk #ikman #idam #land #house #houseforsale #srilanka #invest #realestate #prestigeland #Guardianlands #LankaPropertyWeb #patpat https://t.co/H2ymE7z5gw",1590210634892816384,2022-11-09 05:12:14+00:00
272,clear_deals,""" Ab Property deals pe Brokerage Q dena Cleardeals hai na! ""

#realestate #reels #reel #realtor #realestatelife #realestateagent #propertyforsale #propertymanagement #property #propertymanager #propertagent #housebeautiful #houseforsale #house #home #homesearch #nobrokerage https://t.co/8t9VdPVjqx",1590210364129841153,2022-11-09 05:11:10+00:00
273,MahaloPropea,"When buying a home,there a few things you should keep in mind 
Contact us if you need to sell or buy your homeplease contact us at sales@mahaloproperties.co.ke or WhatsApp/Call +254 731311780

#realestate #propertyinvestment #familyhome #houseforsale https://t.co/6OOXhxvwNe",1590207923766300672,2022-11-09 05:01:28+00:00
274,Rishika48798280,"RT @QuickBzar: Furnishing:  Unfurnished
Construction Status: Ready to Move
Listed by: Owner
Facing : South-East 
Bedrooms: 4
Total Square Fâ€¦",1590206686027198464,2022-11-09 04:56:33+00:00
275,housingforsale,"""WE HAVE YOUR DREAM HOME ARE  YOU LOOKING FOR A HOUSE Let us guidle your home,
Click here ğŸ‘‰ğŸ½https://t.co/I3xmnBOwyP
.
.#Maniiway #maniiwayhouses #maniiwayplots #houseforsale #ResidentialPlots #3BHKHOMES #independenthouse #forsale #realestate #TopBuilders #pollachi #Chennai #Erode https://t.co/WhTk00jtni",1590204565932343296,2022-11-09 04:48:07+00:00
276,askforbelinda,"RT @TheSmithTeamLV: Beautiful, cozy home located in an all single-story community with 3 bedrooms, 2 baths, and a 2 car garage.

This DR Hoâ€¦",1590184593977532416,2022-11-09 03:28:46+00:00
277,Just_Call_Me_TK,"i was waiting to see a price cut on this particular house but at $700k geesh
#RealEstate #HouseForSale #HousingMarket #HousingCrisis https://t.co/X2tvVjsqrc",1590182291472797696,2022-11-09 03:19:37+00:00
278,MeerutInvestors,"à¤¨à¤¿à¤µà¥‡à¤¶ à¤•à¤°à¤¨à¥‡ à¤•à¤¾ à¤¸à¥à¤¨à¤¹à¤°à¤¾ à¤®à¥Œà¤•à¤¾

Call: - 9557767777 , 8171924706,  9756915075 ||  https://t.co/gxqejBViq7

#RealEstatePropertyClinic #ResidentialPlots #ForSale #Planning #SmartCity #Luxury #Home #Buyflat #Bestflat #NewHome #DreamHome #InvestInPlots #Properties #HouseForSale https://t.co/iZLoQfradu",1590177609908113408,2022-11-09 03:01:00+00:00
279,AnnieBalanos,"Which one of your friends is ready to move ASAP?

Annie Balanos
Team 3000 Realty
778.714.2195
annieb@team3000realty.ca
https://t.co/ptu3tLzCY9
#soldbyannievancouver #houseforsale #condoforsale #vancouver #homeseller #homebuyer https://t.co/iqHHSh0fgF",1590150170498383872,2022-11-09 01:11:58+00:00
280,RealtorRajDh1,#rajdhawan #realtorrajdhawan #salewithraj #realtor #forlease #canadianrealestate #bestrealtor #houseforsale #homeforsale #remaxgold #brampton #exquisitelocations #canadacoupleofficial #dreamhomesofcanada #houseaddictive #homeoftheday #luxuryproperties #canadaupdates https://t.co/lonTOj0HFw,1590145282540736512,2022-11-09 00:52:33+00:00
281,landhub,"Two beautiful homes on over 17 acres offering excellent privacy in Bayfield, #Colorado ğŸ¡ğŸ¡ğŸŒ„ #homesite #houseforsale #buyhome 

MORE INFO ğŸ“¢ https://t.co/STapPkkbzT https://t.co/fVepqCWbk1",1590144647401283584,2022-11-09 00:50:02+00:00
282,irenewhoopee,"Chino, CAæ–°ç›˜è¿˜æœ‰5æ ‹å¯ä»¥quick move in, å¥½å­¦åŒº 
å¯ç§èŠ
ä»·æ ¼ä»$65w-75w
#Chino #chinohouse #houseforsale #losangeleshouse #realestateagents #realestateinvesting #realestatelife #realestatemarket #realestateexpert #ç¾å›½ä¹°æˆ¿ #ç¾å›½è¿œç¨‹ä¹°æˆ¿ #æ´›æ‰çŸ¶åœ°äº§ç»çºª #æ´›æ‰çŸ¶æ–°æˆ¿ https://t.co/geItDhGtFu",1590132870403981312,2022-11-09 00:03:14+00:00
283,REN14280,"â˜ï¸ Ainie Daud 018-2510064
https://t.co/KCcLtkUhdh

#houseforsale #houseforsalesungaibuloh #rumahuntukdijualsungaibuloh #sungaibuloh #apartmentuntukdijualsungaibuloh #apartmentforsalesungaibuloh  #wanttosellhouse #wanttobuyhouse #realestatenegotiator #ainiedaudproperty #npr https://t.co/UNppfVOGjA",1590132476990861313,2022-11-09 00:01:40+00:00
284,AmandaDoop,"Don't miss out on this 
beautiful home!
Call us for more info!
605-675-9329
amandanielsen@kw.com
#houseforsale #sdhomes #sdhomebuying #realtor #sdhouseselling https://t.co/wVneo2Oqyj",1590132108735176707,2022-11-09 00:00:12+00:00
285,bobcowanrealtor,"ğŸšª Open House: Saturday, November 12, 12:00 PM to 03:00 PM

ğŸš¨ğŸš¨THE BEST DEAL OF THE WEEK ğŸš¨ğŸš¨
ğŸ”BUY THIS HOME AND I'LL BUY YOURS!

ğŸŒTo view the listing, visit our website:
https://t.co/JKoY63IpGu

#houseforsale #SanClementehome #lifelikesyntheticturf #luxurioushomes https://t.co/6yUKogT3uu",1590116857708941312,2022-11-08 22:59:36+00:00
286,reginastout007,"âœ¨Spacious House and Lot âœ¨ 
ğŸ“ 536 Kirby Dr, Grand Junction, CO 81504

Come check it out for yourself. 
Call/text ğŸ‘© Regina Stout at â˜ï¸ 970-250-7742
ğŸ’» reginastout@kw.com
ğŸ“² https://t.co/QpDlktl7Gp
ğŸŒ https://t.co/jF7pt2meZw
#RealEstate #Colorado #SpaciousResidence #HouseforSale https://t.co/9N2TkdIFpd",1590115406148427776,2022-11-08 22:53:50+00:00
287,SafariqP,"Safariq Developers is designed with a vision to provide a deluxe majesty by bringing the outstanding combination of traditional housing and standards of a high-profile lifestyle.
Contact Us: 03008403084
#DHA #dhaphase8 #kanal
#dhahouseforsale #dha5marlahouse
#houseforsale #DHA https://t.co/87E1be35qj",1590112171366629376,2022-11-08 22:40:59+00:00
288,TheKeystoneTeam,"Nutritional Facts: Realtor Version 

What do you get when you work with The Keystone Team? ğŸ‘¨â€ğŸ‘©â€ğŸ‘§â€ğŸ‘¦ 

#realtor #thekeystoneteam #agent #realestate #realestateagent #californiarealtor #socalrealtor #forsale #homesforsale #houseforsale https://t.co/vZeU7FKd7V",1590101110404317185,2022-11-08 21:57:02+00:00
289,EWRhomes,"1708 Manning Street, Philadelphia, PA 19103ğŸ¡ğŸ”‘$529,000â€¢ 2 BRâ€¢ 1.5 BAâ€¢ 1,200 SFâ€¢ MLS# PAPH2176124 #listed #justlisted #home #homeforsale #forsale #houseforsale #house #property #realestate #ewrhomes #philadelphia #philly #phila #rittenhousesquare
ğŸ“ https://t.co/gosKaJXqMY ğŸ“ https://t.co/kI9amPG2SK",1590098769978470401,2022-11-08 21:47:44+00:00
290,PPerfectMD,"Elizabeth Dixon and Team Reeder of Long &amp; FosterÂ® Real Estate just listed 11988 Long Lake Dr Reisterstown, MD 21136! 
#realtor
#realtors
#realestate
#realestateagent
#newlisting
#homeforsale
#houseforsale
#listingagent
#homeselling
#listingphotos
https://t.co/YFPeRYCABQ",1590091596908765184,2022-11-08 21:19:13+00:00
291,SuzVasbinder,"ğŸ”¥ğŸ”¥Upgrade to this home &amp; We'll Buy Yours! *ğŸ”¥ğŸ”¥
Amazing Move-In ready Home for sale in sought after SW Cape Coral

 call me Directly @ 239-357-8787 

#openhouse #SuzanneVasbinder #yhsgr #capecoral #capecoralflorida #realestate #florida #poolhome #househunting #houseforsale https://t.co/4G1RgI29vi",1590090802977456131,2022-11-08 21:16:04+00:00
292,AngelaOputa,"RT @ubosieleh_co: FOR SALE!

4 Bedroom semi detached house with one room service quarters along Tayo Adesanya street Parkview Estate Ikoyiâ€¦",1590088575890386945,2022-11-08 21:07:13+00:00
293,SuzanneGeurts,"Met #HouseforSale mijn nieuwe meditatie-tv ontdekt. Niet alleen heerlijk om je aan die huizen te vergapen, maar die gesprekken zijn ook zo ontwapenend. Die kloeke tweeling had ik wel een knuffel willen geven.",1590077723464302592,2022-11-08 20:24:06+00:00
294,TheSmithTeamLV,"Beautiful, cozy home located in an all single-story community with 3 bedrooms, 2 baths, and a 2 car garage.

This DR Horton's attached only at the garage is a great find!

ğŸ“1033 Chestnut Bay Ave, North Las Vegas, NV 89031

Send us a message for a private tour.

#houseforsale https://t.co/D52Ac9deKR",1590076920292839424,2022-11-08 20:20:54+00:00
295,MarketproDeals,"North Philly 19132 Row (Off-Market) SIGN UP for Open House Mon, 11/14/2022 at 11AM View Property Here: https://t.co/1YHWAvUz0X Call Steve at 215-709-9312 (no text messages pls)
#Houseflipping #PA #Fixerupper #Investmentopportunities #Investmentproperty #Houseforsale #PAProperties https://t.co/8QcgNwY4h7",1590076703115776000,2022-11-08 20:20:02+00:00
296,greenbankprop,"Reduced by Â£10,000

Mount Crescent, Kirkby ~ Â£169,950

3 Bed Semi with Garage. 

#perfectfamilyhome #housesinliverpool #houseforsale #nochain #liverpoolproperty #EstateAgent #kirkby https://t.co/w9dWq7clSV",1590074964606001153,2022-11-08 20:13:08+00:00
297,TexasTierRealty,"We have TWO open houses this weekend!! Be sure to join us!! 

2402 Chimney Rock, Houston, TX 11am to 1pm -- For Sale or For Lease

2002 Plantation Drive, Friendswood, TX 1pm to 3pm-- For Sale

#openhouse #openhousesaturday #houseforsale #realestate #texastierrealty https://t.co/9R323pDId1",1590074898139217920,2022-11-08 20:12:52+00:00
298,nniieecc,RT @PowNed: In #HouseForSale nemen we een kijkje in opvallende huizen die te koop staan! Benieuwd naar de huizen van deze week? ğŸ‘‰ Elke dinsâ€¦,1590072767684046848,2022-11-08 20:04:24+00:00
299,nniieecc,"RT @MrsSandvrouw: Roerig leven vol feesten ,vrouwen en champagne.Maar hij maakt op mij vooral een eenzame, beetje trieste indruk. Freddy...â€¦",1590072438838022145,2022-11-08 20:03:06+00:00
